# Derived from google/mozc emoji_data.tsv, revision 9fbd649bea4c5e99cd8ad5e487213b26a953a376
# Copyright 2010-2018, Google Inc. All rights reserved.
# License: BSD-3-Clause; see THIRD_PARTY_LICENSES for full terms.
# Unicode CLDR 46.1; Copyright © 2004-2024 Unicode, Inc.
# License: Unicode-3.0; see THIRD_PARTY_LICENSES for full terms.
# azooKey porter version: 1
# Emoji version ceiling: 15.0
# Product aliases: 😄 = わらい / smile (preferred equal match).
#️⃣	かこみすうじ|しゃーぷ|しゃーぷだいやる		絵文字	1874
*️⃣	かこみすうじ		絵文字	1873
0️⃣	かこみすうじ		絵文字	1872
1️⃣	いち|かこみすうじ		絵文字	1871
2️⃣	かこみすうじ|に		絵文字	1870
3️⃣	かこみすうじ|さん		絵文字	1869
4️⃣	かこみすうじ|よん		絵文字	1868
5️⃣	かこみすうじ|ご		絵文字	1867
6️⃣	かこみすうじ|ろく		絵文字	1866
7️⃣	かこみすうじ|なな		絵文字	1865
8️⃣	かこみすうじ|はち		絵文字	1864
9️⃣	かこみすうじ|きゅう		絵文字	1863
©️	きごう|こぴーらいと|ちょさくけん|ちょさくけんまーく		絵文字	1862
®️	あーるまーく|きごう|とうろくしょうひょう|とうろくしょうひょうまーく		絵文字	1861
‼️	えくすくらめーしょんまーく|かんたんふ|きごう|にじゅうかんたんふ|びっくりまーく|やくもの		絵文字	1860
⁉️	かんたんふぎもんふ|きごう|はてなまーく|びっくりまーく		絵文字	1859
™️	きごう|しょうひょう|しょうひょうまーく|とれーどまーく		絵文字	1858
ℹ️	あんないじょ|いんふぉめーしょん|いんふぉめーしょんしんぼる|じょうほう		絵文字	1857
↔️	さゆう|さゆうやじるし|やじるし|やじるしさゆう		絵文字	1856
↕️	じょうげ|じょうげやじるし|やじるし|やじるしじょうげ		絵文字	1855
↖️	ひだりうえ|ひだりうえやじるし|ほくせい|やじるし		絵文字	1854
↗️	ほくとう|みぎうえ|みぎうえやじるし|やじるし		絵文字	1853
↘️	なんとう|みぎした|みぎしたやじるし|やじるし		絵文字	1852
↙️	なんせい|ひだりした|ひだりしたやじるし|やじるし		絵文字	1851
↩️	かーぶ|きょくせん|ひだり|みぎかーぶやじるし|やじるし		絵文字	1850
↪️	かーぶ|きょくせん|ひだりかーぶやじるし|みぎ|やじるし		絵文字	1849
⌚️	うぉっち|うでどけい|じかん|とけい		絵文字	1848
⌛️	すな|すなどけい|たいまー|とけい		絵文字	1847
⌨️	きーぼーど|こんぴゅーたー|ぱそこん|ぴーしー		絵文字	1846
⏏️	いじぇくと|とりだし|とりだしぼたん|ぼたん		絵文字	1845
⏩️	はやおくり|はやおくりぼたん|ばいそく|ぼたん|みぎ|やじるし		早送り	1844
⏪️	はやもどし|はやもどしぼたん|ばいそく|ひだり|まきもどし|もどる|やじるし		巻き戻し	1843
⏫️	うえ|こうそくじょうぼたん|にじゅう|ぼたん|やじるし		上二重三角	1842
⏬️	こうそくしたぼたん|した|にじゅう|ぼたん|やじるし		下二重三角	1841
⏭️	つぎのきょくぼたん|つぎのしーん|つぎのとらっく|ぼたん|やじるし		絵文字	1840
⏮️	ぼたん|まえのきょくぼたん|まえのしーん|まえのとらっく|やじるし		絵文字	1839
⏯️	いちじていし|いちじていしぼたん|さいせい|さいせいぼたん|ぼたん|やじるし		絵文字	1838
⏰️	あらーむ|じかん|とけい|めざまし|めざましどけい		時計	1837
⏱️	すとっぷうぉっち|たいむ|とけい		絵文字	1836
⏲️	たいまー|とけい		絵文字	1835
⏳️	じかん|すな|すながおちているすなどけい|すなどけい|たいまー|とけい		砂時計	1834
⏸️	いちじていし|いちじていしぼたん|ぼたん|ぽーず		絵文字	1833
⏹️	しかく|すとっぷ|ていし|ていしぼたん|ぼたん		絵文字	1832
⏺️	ぼたん|まる|ろくおん|ろくおんろくがぼたん|ろくが		絵文字	1831
Ⓜ️	ちかてつ|まる|まるいえむまーく		絵文字	1830
▪️	くろ|くろしかくしょう|しかく|せいほうけい		絵文字	1829
▫️	しかく|しろ|しろしかくしょう|せいほうけい		絵文字	1828
▶️	さいせい|さいせいぼたん|つぎへ|ぷれい|ぼたん|みぎむきさんかく|やじるし		絵文字	1827
◀️	ぎゃくさいせい|ぎゃくさいせいぼたん|ひだりむきさんかく|ぼたん|まきもどし|もどる|やじるし		絵文字	1826
◻️	しかく|しろ|しろしかくだい|せいほうけい		絵文字	1825
◼️	くろ|くろしかくだい|しかく|せいほうけい		絵文字	1824
◽️	しかく|しろ|しろしかくちゅう|せいほうけい		絵文字	1823
◾️	くろ|くろしかくちゅう|しかく|せいほうけい		絵文字	1822
☀️	たいよう|てんき|にっこう|はれ		絵文字	1821
☁️	くも|くもり|てんき		絵文字	1820
☂️	あめ|かさ|てんき|もちもの		絵文字	1819
☃️	ゆき|ゆきだるま|ゆきだるまとゆき		絵文字	1818
☄️	うちゅう|すいせい		絵文字	1817
☎️	おやき|くろでんわ|こていでんわ|でんわ|ぷっしゅほん|ぼたんしきでんわ		絵文字	1816
☑️	きごう|すみ|ちぇっく|ちぇっくぼっくす|ちぇっくまーく		絵文字	1815
☔️	あまつぶ|あめ|かさ|かさとあめ|てんき|もちもの		絵文字	1814
☕️	あたたかいのみもの|かっぷ|かふぇ|かふぇいん|きっさてん|こうちゃ|こーひー|のみもの|ほっとどりんく		絵文字	1813
☘️	くさ|くろーばー|しょくぶつ|は		絵文字	1812
☝️	うえ|うえゆびさし|て|ひとさしゆび|ゆびさし		絵文字	1811
☠️	かお|がいこつ|し|すかる|どくろ|どくろとほね|ほね		絵文字	1810
☢️	きけん|ほうしゃせい|ほうしゃせん|ほうしゃのう		絵文字	1809
☣️	きけん|ばいおはざーど|ゆうがいぶっしつ		絵文字	1808
☦️	きりすときょう|しゅうきょう|じゅうじか|はったんじゅうじか		絵文字	1807
☪️	いすらむきょう|しゅうきょう|ほし|ほしとみかづき|みかづき|むすりむ		絵文字	1806
☮️	ぴーすまーく|へいわ|へいわのしんぼる		絵文字	1805
☯️	いんやん|いんよう|しゅうきょう|どうきょう		絵文字	1804
☸️	しゅうきょう|てんぽうりん|ぶっきょう|ほうりん		絵文字	1803
☹️	かお|かなしい|こまった|こまったかお|しかめつら		絵文字	1802
☺️	えがお|かお|すまいりー|すまいる|はっぴー|ほっ		絵文字	1801
♀️	おんな|しんぼる|じょせい|じょせいのまーく		絵文字	1800
♂️	おとこ|しんぼる|だんせい|だんせいのまーく		絵文字	1799
♈️	おひつじざ|せいざ		絵文字	1798
♉️	おうしざ|せいざ		絵文字	1797
♊️	せいざ|ふたござ		絵文字	1796
♋️	かにざ|せいざ		絵文字	1795
♌️	ししざ|せいざ		絵文字	1794
♍️	おとめざ|せいざ		絵文字	1793
♎️	せいざ|てんびんざ		絵文字	1792
♏️	さそりざ|せいざ		絵文字	1791
♐️	いてざ|せいざ		絵文字	1790
♑️	せいざ|やぎざ		絵文字	1789
♒️	せいざ|みずがめざ		絵文字	1788
♓️	うおざ|せいざ		絵文字	1787
♟️	こま|すてごま|ちぇす|ちぇすのこま		絵文字	1786
♠️	かーど|すぺーど|とらんぷ		絵文字	1785
♣️	かーど|くらぶ|くろーばー|とらんぷ		絵文字	1784
♥️	かーど|とらんぷ|はーと		絵文字	1783
♦️	かーど|だいあ|だいや|とらんぷ		絵文字	1782
♨️	いいきぶん|おんせん|おんせんまーく|ゆげ		絵文字	1781
♻️	さいせい|さいりよう|じゅんかんやじるし|りさいくる|りさいくるまーく		絵文字	1780
♾️	えいえん|ばんぶつ|むげん|むげんだい		絵文字	1779
♿️	くるまいす|ばりあふりー|ばりやふりー		絵文字	1778
⚒️	かなづち|こうぐ|つるはし|とんかち|はんまー|はんまーとつるはし		絵文字	1777
⚓️	いかり|ふね|みなと		絵文字	1776
⚔️	かたな|くろすしたけん|けん|つるぎ|ぶき		絵文字	1775
⚕️	あすくれぴおすのつえ|いしゃ|いりょう|いりょうのしんぼる|ちりょう		絵文字	1774
⚖️	かがく|じっけん|せいざ|てんびん|てんびんざ|はかり|ばらんす		絵文字	1773
⚗️	かがく|じっけん|じょうりゅうき		絵文字	1772
⚙️	ぎあ|こうぐ|はぐるま		絵文字	1771
⚛️	げんし|げんしのしんぼる|げんそ|ぶんし|むしんろん		絵文字	1770
⚜️	えんぶれむ|ふらんすおうけ|ふるーるどりす|もんしょう|ゆり		絵文字	1769
⚠️	きけん|けいこく|ちゅうい|ひょうしき		絵文字	1768
⚡️	いなずま|いなづま|かみなり|きけん|こうでんあつ|でんき		絵文字	1767
⚧️	しんぼる|せいべつ|てぃーじー|とらんすじぇんだーのまーく		絵文字	1766
⚪️	しろ|しろいまる|まる|まるいぼたん		絵文字	1765
⚫️	くろ|くろいまる|くろまる|まる|まるいぼたん		絵文字	1764
⚰️	かんおけ|きゅうけつき|し|ししゃ|ひつぎ|まいそう		絵文字	1763
⚱️	いはい|こつつぼ|し|そうぎ|まいそう		絵文字	1762
⚽️	さっかー|さっかーぼーる|すぽーつ|ぼーる		絵文字	1761
⚾️	すぽーつ|ぼーる|やきゅう|やきゅうぼーる		絵文字	1760
⛄️	ゆき|ゆきだるま		絵文字	1759
⛅️	くも|くもり|くもりときどきはれ|たいよう|てんき|ときどきくもり		絵文字	1758
⛈️	あめ|いなずま|かみなり|くも|てんき|らいう|らいうん		絵文字	1757
⛎️	せいざ|へびつかいざ|へびつかざ		へびつかい座	1756
⛏️	こうぐ|さいくつ|つるはし		絵文字	1755
⛑️	きゅうきゅう|きゅうじょたい|はくじゅうじ|はくじゅうじへるめっと|へるめっと|ぼうし		絵文字	1754
⛓️	くさり|ちぇーん		絵文字	1753
⛔️	きせい|きんし|しゃりょうしんにゅうきんし|しんにゅうきんし|たちいりきんし|どうろ|ひょうしき		絵文字	1752
⛩️	しゅうきょう|しんとう|じんじゃ|たてもの|とりい		絵文字	1751
⛪️	きょうかい|きりすときょう|しゅうきょう|じゅうじか|たてもの|ちゃぺる|れいはいどう		絵文字	1750
⛰️	さんがく|やま		絵文字	1749
⛱️	あめ|かさ|すなはま|ぱらそる|ひがさ|びーち		絵文字	1748
⛲️	こうえん|ふんすい		絵文字	1747
⛳️	ごるふ|すぽーつ|はた|ふらぐ|ふらっぐ|ほーる		絵文字	1746
⛴️	きゃくせん|のりもの|ふぇりー|ふね		絵文字	1745
⛵️	せーりんぐ|のりもの|はんせん|ふね|ぼーと|よっと|りぞーと		絵文字	1744
⛷️	すきー|すきーやー|すとっく|すぽーつ		絵文字	1743
⛸️	あいすすけーと|すけーと|すぽーつ|ふぃぎゅあすけーと		絵文字	1742
⛹️	きゅうぎ|すぽーつ|どりぶる|ばすけ|ばすけっとぼーる|ばすけっとぼーるせんしゅ|ばすけっとぼーるをするひと		絵文字	1741
⛹️‍♀️	きゅうぎ|じょせい|すぽーつ|どりぶる|ばすけ|ばすけっとぼーる|ばすけっとぼーるをするおんな		絵文字	1740
⛹️‍♂️	きゅうぎ|すぽーつ|だんせい|ばすけ|ばすけっとぼーる|ばすけっとぼーるをするおとこ		絵文字	1739
⛺️	きゃんぷ|てんと		絵文字	1738
⛽️	がすすたんど|がそりん|がそりんすたんど|がそりんのずる|きゅうゆ		絵文字	1737
✂️	かっと|きる|はさみ|びよういん|ぶんぐ|ぶんぼうぐ		絵文字	1736
✅️	きごう|しろぬきのちぇっく|すみ|ちぇっく|ちぇっくまーく|ぴん		絵文字	1735
✈️	こうくうき|じぇっとき|のりもの|ひこうき|りょこう		絵文字	1734
✉️	いーめーる|てがみ|でんしめーる|ふうとう|めーる|ゆうびん		絵文字	1733
✊️	あげたこぶし|ぐー|げんこつ|こぶし|て		グー	1732
✋️	きょしゅ|すとっぷ|て|てのひら|ぱー		パー	1731
✌️	ちょき|て|ぴーす|ぶいさいん|ゆび		絵文字	1730
✍️	かいているて|て|てがき|てでかく		絵文字	1729
✏️	えんぴつ|ぶんぐ|ぶんぼうぐ		絵文字	1728
✒️	えでぃっと|ぶんぐ|ぶんぼうぐ|ぺん|ぺんさき|まんねんひつ		絵文字	1727
✔️	きごう|すみ|ちぇっく|ちぇっくまーく|ふとじのちぇっく		絵文字	1726
✖️	かけざん|かける|きごう|きゃんせる|じょうざん|ばつ|ぺけ		絵文字	1725
✝️	きりすときょう|くろす|しゅうきょう|じゅうじか|らてんじゅうじ		絵文字	1724
✡️	しゅうきょう|だびでのほし|ほし|ゆだやきょう|ろくぼうせい		絵文字	1723
✨️	きらきら|すたー|ぴかぴか|ほし		キラキラ	1722
✳️	あすたりすく|かざり|きごう|はっかくあすたりすく|ほし|やくもの		絵文字	1721
✴️	かざり|きごう|すぱーく|はっかくせい|ほし|やくもの		絵文字	1720
❄️	けっしょう|てんき|ゆき|ゆきのけっしょう		絵文字	1719
❇️	あすたりすく|きごう|きらきら|すぱーく|すぱーくる|やくもの		絵文字	1718
❌️	かけざん|きごう|きゃんせる|じょうざん|ばつ|ぺけ		バツ	1717
❎️	かけざん|きごう|きゃんせる|しろぬきのばつ|じょうざん|ばつ|ぺけ		バツ	1716
❓️	あかいぎもんふ|きごう|ぎもんふ|くえすちょん|くえすちょんまーく|はてな|はてなまーく|やくもの		？	1715
❔️	きごう|ぎもんふ|くえすちょん|くえすちょんまーく|しろいぎもんふ|はてな|はてなまーく|やくもの		？	1714
❕️	えくすくらめーしょんまーく|きごう|ぎもんふ|しろいかんたんふ|びっくり|びっくりまーく|やくもの		！	1713
❗️	あかいかんたんふ|えくすくらめーしょんまーく|かんたんふ|きごう|びっくりまーく|やくもの		絵文字	1712
❣️	えくすくらめーしょんまーく|はーと|はーとのびっくり|びっくりまーく		絵文字	1711
❤️	あい|あか|あかいはーと|くろはーと|はーと|はーとまーく		絵文字	1710
❤️‍🔥	あい|せいなるしんぞう|はーと|ひのついた|ほのお|もえるはーと		絵文字	1709
❤️‍🩹	きずついた|けが|しょうしん|はーと|ほうたい|ほうたいをまいたはーと		絵文字	1708
➕️	かさん|きごう|たしざん|たす|ぷらす		＋	1707
➖️	きごう|けいさん|げんざん|ひきざん|ひく|まいなす|ー		ー	1706
➗️	きごう|じょさん|わりざん|わる		÷	1705
➡️	ひがし|みぎ|みぎやじるし|やじるし		絵文字	1704
➰️	きごう|ちょうおん|るーぷ|わっか		ループ	1703
➿️	きごう|だぶるるーぷ|ふりーだいやる|るーぷ|わっか		フリーダイヤル	1702
⤴️	うえ|うえかーぶやじるし|うえやじるし|かーぶ|きょくせん|ぐっど|やじるし		絵文字	1701
⤵️	かーぶ|きょくせん|した|したかーぶやじるし|したやじるし|ばっど|やじるし		絵文字	1700
⬅️	にし|ひだり|ひだりやじるし|やじるし		絵文字	1699
⬆️	うえ|うえやじるし|きた|やじるし		絵文字	1698
⬇️	した|したやじるし|みなみ|やじるし		絵文字	1697
⬛️	くろ|くろしかくとくだい|しかく|せいほうけい		絵文字	1696
⬜️	しかく|しろ|しろしかくとくだい|せいほうけい		絵文字	1695
⭐️	すたー|てんもんがく|ほし		絵文字	1694
⭕️	あかいまる|えん|きごう|ふといまる|まる|わ		絵文字	1693
〰️	きごう|ちょうおんきごう|なみ|なみせん|やくもの|ー		絵文字	1692
〽️	いおりてん|うたきごう|きごう|やくもの		絵文字	1691
㊗️	いわい|いわいまーく|おいわい|おめでとう		絵文字	1690
㊙️	ごくひ|しゃがいひ|ひ|ひみつ|まるひ		絵文字	1689
🀄️	げーむ|じゃんぱい|なか|ぱい|まーじゃん|まーじゃんぱい		絵文字	1688
🃏	かーど|じじ|じょーかー|とらんぷ|ばば	card|game|joker|wildcard	ジョーカー	1687
🅰️	えいがた|えーがた|けつえきがた|けつえきがたえいがた		Ａ型	1686
🅱️	けつえきがた|けつえきがたびーがた|びーがた		Ｂ型	1685
🅾️	おーがた|けつえきがた|けつえきがたおーがた		Ｏ型	1684
🅿️	ちゅうしゃ|ちゅうしゃじょう|ぱーきんぐ|ぴー|ぴーまーく		絵文字	1683
🆎	えいびーがた|けつえきがた|けつえきがたえいびーがた	ab|ab_button_blood_type|blood|button|type	血液型AB型	1682
🆑	くりあ|しーえる|しーえるまーく	button|cl|cl_button	CLマーク	1681
🆒	くーる	button|cool|cool_button	COOLマーク	1680
🆓	ただ|ふりー|むりょう	button|free|free_button	FREEマーク	1679
🆔	あいでぃー	button|id|id_button|identity	IDマーク	1678
🆕	あたらしい|しん|にゅー	button|new|new_button	NEWマーク	1677
🆖	えぬじー|えぬじーまーく|ぼつ	button|ng|ng_button	NGマーク	1676
🆗	おっけー|おーけー	button|ok|ok_button|okay	OKマーク	1675
🆘	えすおーえす|えすおーえすまーく|たすけて	button|help|sos|sos_button	SOSマーク	1674
🆙	あっぷ|こうしん	button|mark|up|up_button	UPマーク	1673
🆚	たい|ばーさす|ばーさすまーく|ぶいえす|ゔぁーさす|ゔぃえす	button|versus|vs|vs_button	VSマーク	1672
🇦🇨	あせんしょんとう|はた		絵文字	1671
🇦🇩	あんどら|はた		絵文字	1670
🇦🇪	あらぶしゅちょうこくれんぽう|はた		絵文字	1669
🇦🇫	あふがにすたん|はた		絵文字	1668
🇦🇬	あんてぃぐあばーぶーだ|はた		絵文字	1667
🇦🇮	あんぎら|はた		絵文字	1666
🇦🇱	あるばにあ|はた		絵文字	1665
🇦🇲	あるめにあ|はた		絵文字	1664
🇦🇴	あんごら|はた		絵文字	1663
🇦🇶	なんきょく|はた		絵文字	1662
🇦🇷	あるぜんちん|はた		絵文字	1661
🇦🇸	はた|べいりょうさもあ		絵文字	1660
🇦🇹	おーすとりあ|はた		絵文字	1659
🇦🇺	おーすとらりあ|はた		絵文字	1658
🇦🇼	あるば|はた		絵文字	1657
🇦🇽	おーらんどしょとう|はた		絵文字	1656
🇦🇿	あぜるばいじゃん|はた		絵文字	1655
🇧🇦	はた|ぼすにあへるつぇごびな		絵文字	1654
🇧🇧	はた|ばるばどす		絵文字	1653
🇧🇩	はた|ばんぐらでしゅ		絵文字	1652
🇧🇪	はた|べるぎー		絵文字	1651
🇧🇫	はた|ぶるきなふぁそ		絵文字	1650
🇧🇬	はた|ぶるがりあ		絵文字	1649
🇧🇭	はた|ばーれーん		絵文字	1648
🇧🇮	はた|ぶるんじ		絵文字	1647
🇧🇯	はた|べなん		絵文字	1646
🇧🇱	さんばるてるみー|はた		絵文字	1645
🇧🇲	はた|ばみゅーだ		絵文字	1644
🇧🇳	はた|ぶるねい		絵文字	1643
🇧🇴	はた|ぼりびあ		絵文字	1642
🇧🇶	おらんだりょうかりぶ|はた		絵文字	1641
🇧🇷	はた|ぶらじる		絵文字	1640
🇧🇸	はた|ばはま		絵文字	1639
🇧🇹	はた|ぶーたん		絵文字	1638
🇧🇻	はた|ぶーべとう		絵文字	1637
🇧🇼	はた|ぼつわな		絵文字	1636
🇧🇾	はた|べらるーし		絵文字	1635
🇧🇿	はた|べりーず		絵文字	1634
🇨🇦	かなだ|はた		絵文字	1633
🇨🇨	きーりんぐしょとう|ここすしょとう|はた		絵文字	1632
🇨🇩	きんしゃさ|こんごみんしゅきょうわこく|はた		絵文字	1631
🇨🇫	ちゅうおうあふりかきょうわこく|はた		絵文字	1630
🇨🇬	こんごきょうわこく|はた|ぶらざびる		絵文字	1629
🇨🇭	すいす|はた		絵文字	1628
🇨🇮	こーとじぼわーる|はた		絵文字	1627
🇨🇰	くっくしょとう|はた		絵文字	1626
🇨🇱	ちり|はた		絵文字	1625
🇨🇲	かめるーん|はた		絵文字	1624
🇨🇳	こっき|ちゅうごく|はた		絵文字	1623
🇨🇴	ころんびあ|はた		絵文字	1622
🇨🇵	くりっぱーとんとう|はた		絵文字	1621
🇨🇷	こすたりか|はた		絵文字	1620
🇨🇺	きゅーば|はた		絵文字	1619
🇨🇻	かーぼべるで|はた		絵文字	1618
🇨🇼	きゅらそー|はた		絵文字	1617
🇨🇽	くりすますとう|はた		絵文字	1616
🇨🇾	きぷろす|はた		絵文字	1615
🇨🇿	ちぇこ|はた		絵文字	1614
🇩🇪	こっき|どいつ|はた		絵文字	1613
🇩🇬	でぃえごがるしあとう|はた		絵文字	1612
🇩🇯	じぶち|はた		絵文字	1611
🇩🇰	でんまーく|はた		絵文字	1610
🇩🇲	どみにかこく|はた		絵文字	1609
🇩🇴	どみにかきょうわこく|はた		絵文字	1608
🇩🇿	あるじぇりあ|はた		絵文字	1607
🇪🇦	はた		絵文字	1606
🇪🇨	えくあどる|はた		絵文字	1605
🇪🇪	えすとにあ|はた		絵文字	1604
🇪🇬	えじぷと|はた		絵文字	1603
🇪🇭	にしさはら|はた		絵文字	1602
🇪🇷	えりとりあ|はた		絵文字	1601
🇪🇸	こっき|すぺいん|はた		絵文字	1600
🇪🇹	えちおぴあ|はた		絵文字	1599
🇪🇺	いーゆー|おうしゅうれんごう|はた		絵文字	1598
🇫🇮	はた|ふぃんらんど		絵文字	1597
🇫🇯	はた|ふぃじー		絵文字	1596
🇫🇰	はた|ふぉーくらんどしょとう		絵文字	1595
🇫🇲	はた|みくろねしあれんぽう		絵文字	1594
🇫🇴	はた|ふぇろーしょとう		絵文字	1593
🇫🇷	こっき|はた|ふらんす		絵文字	1592
🇬🇦	がぼん|はた		絵文字	1591
🇬🇧	いぎりす|こっき|はた		絵文字	1590
🇬🇩	ぐれなだ|はた		絵文字	1589
🇬🇪	じょーじあ|はた		絵文字	1588
🇬🇫	はた|ふつりょうぎあな		絵文字	1587
🇬🇬	がーんじー|はた		絵文字	1586
🇬🇭	がーな|はた		絵文字	1585
🇬🇮	じぶらるたる|はた		絵文字	1584
🇬🇱	ぐりーんらんど|はた		絵文字	1583
🇬🇲	がんびあ|はた		絵文字	1582
🇬🇳	ぎにあ|はた		絵文字	1581
🇬🇵	ぐあどるーぷ|はた		絵文字	1580
🇬🇶	せきどうぎにあ|はた		絵文字	1579
🇬🇷	ぎりしゃ|はた		絵文字	1578
🇬🇸	はた		絵文字	1577
🇬🇹	ぐあてまら|はた		絵文字	1576
🇬🇺	ぐあむ|はた		絵文字	1575
🇬🇼	ぎにあびさう|はた		絵文字	1574
🇬🇾	がいあな|はた		絵文字	1573
🇭🇰	ちゅうかじんみんきょうわこくほんこんとくべつぎょうせいく|はた|ほんこん		絵文字	1572
🇭🇲	はた|はーどとう|まくどなるどしょとう		絵文字	1571
🇭🇳	はた|ほんじゅらす		絵文字	1570
🇭🇷	くろあちあ|はた		絵文字	1569
🇭🇹	はいち|はた		絵文字	1568
🇭🇺	はた|はんがりー		絵文字	1567
🇮🇨	かなりあしょとう|はた		絵文字	1566
🇮🇩	いんどねしあ|はた		絵文字	1565
🇮🇪	あいるらんど|はた		絵文字	1564
🇮🇱	いすらえる|はた		絵文字	1563
🇮🇲	はた|まんとう		絵文字	1562
🇮🇳	いんど|はた		絵文字	1561
🇮🇴	えいりょういんどようちいき|はた		絵文字	1560
🇮🇶	いらく|はた		絵文字	1559
🇮🇷	いらん|はた		絵文字	1558
🇮🇸	あいすらんど|はた		絵文字	1557
🇮🇹	いたりあ|こっき|はた		絵文字	1556
🇯🇪	じゃーじー|はた		絵文字	1555
🇯🇲	じゃまいか|はた		絵文字	1554
🇯🇴	はた|よるだん		絵文字	1553
🇯🇵	こっき|しゅくじつ|にっぽん|にほん|はた|ひのまる		絵文字	1552
🇰🇪	けにあ|はた		絵文字	1551
🇰🇬	きるぎす|はた		絵文字	1550
🇰🇭	かんぼじあ|はた		絵文字	1549
🇰🇮	きりばす|はた		絵文字	1548
🇰🇲	こもろ|はた		絵文字	1547
🇰🇳	せんとくりすとふぁーねーゔぃす|はた		絵文字	1546
🇰🇵	きたちょうせん|はた		絵文字	1545
🇰🇷	かんこく|こっき|はた		絵文字	1544
🇰🇼	くうぇーと|はた		絵文字	1543
🇰🇾	けいまんしょとう|はた		絵文字	1542
🇰🇿	かざふすたん|はた		絵文字	1541
🇱🇦	はた|らおす		絵文字	1540
🇱🇧	はた|ればのん		絵文字	1539
🇱🇨	せんとるしあ|はた		絵文字	1538
🇱🇮	はた|りひてんしゅたいん		絵文字	1537
🇱🇰	すりらんか|はた		絵文字	1536
🇱🇷	はた|りべりあ		絵文字	1535
🇱🇸	はた|れそと		絵文字	1534
🇱🇹	はた|りとあにあ		絵文字	1533
🇱🇺	はた|るくせんぶるく		絵文字	1532
🇱🇻	はた|らとびあ		絵文字	1531
🇱🇾	はた|りびあ		絵文字	1530
🇲🇦	はた|もろっこ		絵文字	1529
🇲🇨	はた|もなこ		絵文字	1528
🇲🇩	はた|もるどば		絵文字	1527
🇲🇪	はた|もんてねぐろ		絵文字	1526
🇲🇫	さんまるたん|はた		絵文字	1525
🇲🇬	はた|まだがすかる		絵文字	1524
🇲🇭	はた|まーしゃるしょとう		絵文字	1523
🇲🇰	きたまけどにあ|はた		絵文字	1522
🇲🇱	はた|まり		絵文字	1521
🇲🇲	はた|びるま|みゃんまー		絵文字	1520
🇲🇳	はた|もんごる		絵文字	1519
🇲🇴	ちゅうかじんみんきょうわこくまかおとくべつぎょうせいく|はた|まかお		絵文字	1518
🇲🇵	きたまりあなしょとう|はた		絵文字	1517
🇲🇶	はた|まるてぃにーく		絵文字	1516
🇲🇷	はた|もーりたにあ		絵文字	1515
🇲🇸	はた|もんとせらと		絵文字	1514
🇲🇹	はた|まるた		絵文字	1513
🇲🇺	はた|もーりしゃす		絵文字	1512
🇲🇻	はた|もるでぃぶ		絵文字	1511
🇲🇼	はた|まらうい		絵文字	1510
🇲🇽	はた|めきしこ		絵文字	1509
🇲🇾	はた|まれーしあ		絵文字	1508
🇲🇿	はた|もざんびーく		絵文字	1507
🇳🇦	なみびあ|はた		絵文字	1506
🇳🇨	にゅーかれどにあ|はた		絵文字	1505
🇳🇪	にじぇーる|はた		絵文字	1504
🇳🇫	のーふぉーくとう|はた		絵文字	1503
🇳🇬	ないじぇりあ|はた		絵文字	1502
🇳🇮	にからぐあ|はた		絵文字	1501
🇳🇱	おらんだ|はた		絵文字	1500
🇳🇴	のるうぇー|はた		絵文字	1499
🇳🇵	ねぱーる|はた		絵文字	1498
🇳🇷	なうる|はた		絵文字	1497
🇳🇺	にうえ|はた		絵文字	1496
🇳🇿	にゅーじーらんど|はた		絵文字	1495
🇴🇲	おまーん|はた		絵文字	1494
🇵🇦	はた|ぱなま		絵文字	1493
🇵🇪	はた|ぺるー		絵文字	1492
🇵🇫	はた|ふつりょうぽりねしあ		絵文字	1491
🇵🇬	はた|ぱぷあにゅーぎにあ		絵文字	1490
🇵🇭	はた|ふぃりぴん		絵文字	1489
🇵🇰	はた|ぱきすたん		絵文字	1488
🇵🇱	はた|ぽーらんど		絵文字	1487
🇵🇲	さんぴえーるとう|はた|みくろんとう		絵文字	1486
🇵🇳	はた|ぴとけあんしょとう		絵文字	1485
🇵🇷	はた|ぷえるとりこ		絵文字	1484
🇵🇸	はた|ぱれすちなじちく		絵文字	1483
🇵🇹	はた|ぽるとがる		絵文字	1482
🇵🇼	はた|ぱらお		絵文字	1481
🇵🇾	はた|ぱらぐあい		絵文字	1480
🇶🇦	かたーる|はた		絵文字	1479
🇷🇪	はた|れゆにおん		絵文字	1478
🇷🇴	はた|るーまにあ		絵文字	1477
🇷🇸	せるびあ|はた		絵文字	1476
🇷🇺	こっき|はた|ろしあ		絵文字	1475
🇷🇼	はた|るわんだ		絵文字	1474
🇸🇦	さうじあらびあ|はた		絵文字	1473
🇸🇧	そろもんしょとう|はた		絵文字	1472
🇸🇨	せーしぇる|はた		絵文字	1471
🇸🇩	すーだん|はた		絵文字	1470
🇸🇪	すうぇーでん|はた		絵文字	1469
🇸🇬	しんがぽーる|はた		絵文字	1468
🇸🇭	せんとへれな|はた		絵文字	1467
🇸🇮	すろべにあ|はた		絵文字	1466
🇸🇯	すばーるばるしょとう|はた|やんまいえんとう		絵文字	1465
🇸🇰	すろばきあ|はた		絵文字	1464
🇸🇱	しえられおね|はた		絵文字	1463
🇸🇲	さんまりの|はた		絵文字	1462
🇸🇳	せねがる|はた		絵文字	1461
🇸🇴	そまりあ|はた		絵文字	1460
🇸🇷	すりなむ|はた		絵文字	1459
🇸🇸	はた|みなみすーだん		絵文字	1458
🇸🇹	さんとめぷりんしぺ|はた		絵文字	1457
🇸🇻	えるさるばどる|はた		絵文字	1456
🇸🇽	しんとまーるてん|はた		絵文字	1455
🇸🇾	しりあ|はた		絵文字	1454
🇸🇿	えすわてぃに|はた		絵文字	1453
🇹🇦	とりすたんだくーにゃ|はた		絵文字	1452
🇹🇨	たーくすかいこすしょとう|はた		絵文字	1451
🇹🇩	ちゃど|はた		絵文字	1450
🇹🇫	はた|ふつりょうきょくなんしょとう		絵文字	1449
🇹🇬	とーご|はた		絵文字	1448
🇹🇭	たい|はた		絵文字	1447
🇹🇯	たじきすたん|はた		絵文字	1446
🇹🇰	とけらう|はた		絵文字	1445
🇹🇱	はた|ひがしてぃもーる		絵文字	1444
🇹🇲	とるくめにすたん|はた		絵文字	1443
🇹🇳	ちゅにじあ|はた		絵文字	1442
🇹🇴	とんが|はた		絵文字	1441
🇹🇷	とるこ|はた		絵文字	1440
🇹🇹	とりにだーどとばご|はた		絵文字	1439
🇹🇻	つばる|はた		絵文字	1438
🇹🇼	たいわん|はた		絵文字	1437
🇹🇿	たんざにあ|はた		絵文字	1436
🇺🇦	うくらいな|はた		絵文字	1435
🇺🇬	うがんだ|はた		絵文字	1434
🇺🇲	がっしゅうこくりょうゆうしょうりとう|はた		絵文字	1433
🇺🇳	こくさいれんごう|こくれん|はた		絵文字	1432
🇺🇸	あめりか|あめりかがっしゅうこく|こっき|はた		絵文字	1431
🇺🇾	うるぐあい|はた		絵文字	1430
🇺🇿	うずべきすたん|はた		絵文字	1429
🇻🇦	はた|ばちかん|ばちかんしこく		絵文字	1428
🇻🇨	せんとびんせんとおよびぐれなでぃーんしょとう|はた		絵文字	1427
🇻🇪	はた|べねずえら		絵文字	1426
🇻🇬	えいりょうゔぁーじんしょとう|はた		絵文字	1425
🇻🇮	はた|べいりょうゔぁーじんしょとう		絵文字	1424
🇻🇳	はた|べとなむ		絵文字	1423
🇻🇺	はた|ばぬあつ		絵文字	1422
🇼🇫	うぉりすふつな|はた		絵文字	1421
🇼🇸	さもあ|はた		絵文字	1420
🇽🇰	こそぼ|はた		絵文字	1419
🇾🇪	いえめん|はた		絵文字	1418
🇾🇹	はた|まよっと		絵文字	1417
🇿🇦	はた|みなみあふりか		絵文字	1416
🇿🇲	ざんびあ|はた		絵文字	1415
🇿🇼	じんばぶえ|はた		絵文字	1414
🈁	ここ|ここのまーく	button|here|japanese|japanese_here_button|katakana	ココのマーク	1413
🈂️	さ|さのまーく|さーびす|さーびすりょう		サ	1412
🈚️	ただ|む|むまーく|むりょう		絵文字	1411
🈯️	してい|していせき|ゆび|ゆびまーく		絵文字	1410
🈲	きん|きんし|きんまーく|げんきん	button|ideograph|japanese|japanese_prohibited_button|prohibited	禁マーク	1409
🈳	あき|あきまーく|から|くう|くうしつ|くうせき	button|ideograph|japanese|japanese_vacancy_button|vacancy	空マーク	1408
🈴	ごう|ごうかく|ごうまーく	button|grade|ideograph|japanese|japanese_passing_grade_button|passing	合マーク	1407
🈵	まん|まんいん|まんしつ|まんしゃ|まんせき|まんまーく	button|ideograph|japanese|japanese_no_vacancy_button|no|vacancy	満マーク	1406
🈶	ゆう|ゆうげん|ゆうまーく|ゆうりょう	button|charge|free|ideograph|japanese|japanese_not_free_of_charge_button|not	有マーク	1405
🈷️	げつがく|つき|つきぎめ|つきまーく		月	1404
🈸	しん|しんせい|しんまーく|もうしこみ	application|button|ideograph|japanese|japanese_application_button	申マーク	1403
🈹	でぃすかうんと|わり|わりびき|わりまーく	button|discount|ideograph|japanese|japanese_discount_button	割マーク	1402
🈺	えい|えいぎょう|えいぎょうちゅう|えいぎょうび|えいまーく	business|button|ideograph|japanese|japanese_open_for_business_button|open	営マーク	1401
🉐	おとく|とく|ばーげん|まるとく	bargain|button|ideograph|japanese|japanese_bargain_button	マル得	1400
🉑	か|かのう|かまーく|きょか	acceptable|button|ideograph|japanese|japanese_acceptable_button	可マーク	1399
🌀	うず|うずまき|くるくる|ぐるぐる|さいくろん|たいふう|てんき|はりけーん|めまい|もやもや	cyclone|dizzy|hurricane|twister|typhoon|weather	渦巻き	1398
🌁	きり|きりのとかい|とかい|もや	fog|foggy	霧の都会	1397
🌂	あめ|かさ|てんき|とじたかさ|もちもの	closed|closed_umbrella|clothing|rain|umbrella	閉じた傘	1396
🌃	ながれぼし|ほし|ほしぞら|やけい|よる|よるのとかい	night|night_with_stars|star|stars	夜の都会	1395
🌄	あさ|あさひ|ごらいこう|たいよう|ひので|やまからひので	morning|mountains|over|sun|sunrise|sunrise_over_mountains	山から日の出	1394
🌅	あさ|あさひ|たいよう|にっこう|ひので	morning|nature|sun|sunrise	日の出	1393
🌆	とかい|とし|びる|ゆうがた|ゆうぐれ|ゆうぐれのとかい|ゆうひ|よる	at|building|city|cityscape|cityscape_at_dusk|dusk|evening|landscape|sun|sunset	夕暮れの都会	1392
🌇	たいよう|にちぼつ|ひぐれ|びる|ゆうがた|ゆうぐれ|ゆうひ	building|dusk|sun|sunset	夕日	1391
🌈	げい|てんき|とらんすじぇんだー|にじ|ばいせくしゅある|れいんぼー|れずびあん	gay|genderqueer|glbt|glbtq|lesbian|lgbt|lgbtq|lgbtqia|nature|pride|queer|rain|rainbow|trans|transgender|weather	虹	1390
🌉	はし|やけい|よる|よるのはし	at|bridge|bridge_at_night|night	夜の橋	1389
🌊	うみ|しぜん|てんき|なみ|はろう	nature|ocean|surf|surfer|surfing|water|water_wave|wave	波	1388
🌋	かざん|ふんか|やま|ようがん	eruption|mountain|nature|volcano	火山	1387
🌌	あまのがわ|うちゅう|ぎんが|ほしぞら|みるきーうぇい|よぞら	milky|milky_way|space|way	天の川	1386
🌍️	あふりか|せかい|ちきゅう|よーろっぱ		絵文字	1385
🌎️	あめりか|あめりかたいりく|せかい|ちきゅう		絵文字	1384
🌏️	あじあ|おーすとらりあ|せかい|ちきゅう		地球	1383
🌐	いんたーねっと|しごせん|しごせんのあるちきゅう|ちきゅう	earth|globe|globe_with_meridians|internet|meridians|web|world|worldwide	子午線のある地球	1382
🌑	うちゅう|しんげつ|つき|やみ	dark|moon|new|new_moon|space	新月	1381
🌒	うちゅう|つき|はつづき|みかづき	crescent|dreams|moon|space|waxing|waxing_crescent_moon	初月	1380
🌓	うちゅう|じょうげん|じょうげんのつき|つき|はんげつ	first|first_quarter_moon|moon|quarter|space	上弦の月	1379
🌔	うちゅう|かけづき|じゅうさんよつき|つき|とおかやのつき	gibbous|moon|space|waxing|waxing_gibbous_moon	十三夜月	1378
🌕️	うちゅう|つき|まんげつ		満月	1377
🌖	いまちづき|うちゅう|つき|ねまちづき	gibbous|moon|space|waning|waning_gibbous_moon	寝待月	1376
🌗	うちゅう|かげん|かげんのつき|つき|はんげつ	last|last_quarter_moon|moon|quarter|space	下弦の月	1375
🌘	ありあけづき|うちゅう|つき|みかづき	crescent|moon|space|waning|waning_crescent_moon	有明月	1374
🌙	うちゅう|つき|みかづき	crescent|crescent_moon|moon|ramadan|space	三日月	1373
🌚	かお|かおのあるしんげつ|しんげつ|つき	face|moon|new|new_moon_face|space	顔のある新月	1372
🌛	かお|かおのあるじょうげんのつき|じょうげんのつき|つき|はんげつ|みかづき	face|first|first_quarter_moon_face|moon|quarter|space	顔のある上弦の月	1371
🌜️	かお|かおのあるかげんのつき|かげんのつき|つき|はんげつ		絵文字	1370
🌝	かお|かおのあるまんげつ|つき|まんげつ	bright|face|full|full_moon_face|moon	顔のある満月	1369
🌞	かお|かおのあるたいよう|たいよう	beach|bright|day|face|heat|shine|sun|sun_with_face|sunny|sunshine|weather	顔のある太陽	1368
🌟	かがやき|きらきら|きらきらぼし|すたー|ほし	glittery|glow|glowing|glowing_star|night|shining|sparkle|star|win	きらきら星	1367
🌠	うちゅう|すたー|ながれぼし|ほし|よる	falling|night|shooting|shooting_star|space|star	流れ星	1366
🌡️	おんど|おんどけい|かんだんけい|きおん|てんき		絵文字	1365
🌤️	くも|たいよう|てんき|はれ|はれときどきくもり		絵文字	1364
🌥️	くも|くもり|くもりいちじはれ|たいよう|てんき		絵文字	1363
🌦️	あめときどきはれ|くも|くもり|たいよう|てんき|てんきあめ		絵文字	1362
🌧️	あまぐも|あめ|くも|てんき		絵文字	1361
🌨️	くも|てんき|ゆき|ゆきぐも		絵文字	1360
🌩️	いなずま|かみなり|くも|てんき|らいうん		絵文字	1359
🌪️	たつまき|てんき|とっぷう|とるねーど		絵文字	1358
🌫️	きり|くも|くもり|てんき		絵文字	1357
🌬️	かお|かおのあるかぜ|かぜ|くも		絵文字	1356
🌭	そーせーじ|ふらんくふると|ほっとどっぐ	dog|frankfurter|hot|hot_dog|hotdog|sausage	ホットドッグ	1355
🌮	たこす|めきしかん|めきしこりょうり	mexican|taco	タコス	1354
🌯	そふとたこす|ぶりとー|めきしかん|めきしこりょうり|らっぷさんど	burrito|mexican|wrap	ブリトー	1353
🌰	くり|やさい	almond|chestnut|plant	くり	1352
🌱	しんめ|ふたば|め	plant|sapling|seedling|sprout|young	新芽	1351
🌲	き|じょうりょくじゅ|もり	christmas|evergreen|evergreen_tree|forest|pine|tree	常緑樹	1350
🌳	き|もり|らくようじゅ	deciduous|deciduous_tree|forest|green|habitat|shedding|tree	落葉樹	1349
🌴	き|ねったい|びーち|やし|やしのき	beach|palm|palm_tree|plant|tree|tropical	ヤシの木	1348
🌵	さばく|さぼてん|しょくぶつ	cactus|desert|drought|nature|plant	サボテン	1347
🌶️	からい|こうしんりょう|とうがらし|やさい		絵文字	1346
🌷	かいか|しょくぶつ|ちゅーりっぷ|はな	blossom|flower|growth|plant|tulip	チューリップ	1345
🌸	かいか|さくら|しょくぶつ|はな	blossom|cherry|cherry_blossom|flower|plant|spring|springtime	桜	1344
🌹	あかいばら|しょくぶつ|はな|ばら|ろーず	beauty|elegant|flower|love|plant|red|rose|valentine	バラ	1343
🌺	しょくぶつ|はいびすかす|はな	flower|hibiscus|plant	ハイビスカス	1342
🌻	はな|ひまわり	flower|outdoors|plant|sun|sunflower	ヒマワリ	1341
🌼	かいか|きんぽうげ|さいたはな|しょくぶつ|はな	blossom|buttercup|dandelion|flower|plant	開花	1340
🌽	こーん|とうもろこし|やさい	corn|crops|ear|ear_of_corn|farm|maize|maze	とうもろこし	1339
🌾	いなほ|いね|くさ|こくもつ|こめ|すすき	ear|grain|grains|plant|rice|sheaf|sheaf_of_rice	稲	1338
🌿	くさ|こうそう|は|はっぱ|はーぶ|やくそう	herb|leaf|plant	ハーブ	1337
🍀	くさ|くろーばー|しょくぶつ|は|よつば|よつばのくろーばー	4|clover|four|four-leaf|four_leaf_clover|irish|leaf|lucky|plant	四つ葉のクローバー	1336
🍁	おちば|かえで|こうよう|は|もみじ	falling|leaf|maple|maple_leaf	かえで	1335
🍂	おちば|かれは|このは|は|はっぱ	autumn|fall|fallen|fallen_leaf|falling|leaf	落ち葉	1334
🍃	おちば|かぜ|かぜにゆれるは|このは|は|はっぱ|びゅうびゅう	blow|flutter|fluttering|leaf|leaf_fluttering_in_wind|wind	風に揺れる葉	1333
🍄	きのこ|きんるい|どく|まっしゅるーむ|やさい	fungus|mushroom|toadstool	キノコ	1332
🍅	くだもの|とまと|やさい	food|fruit|tomato|vegetable	トマト	1331
🍆	なす|やさい	aubergine|eggplant|vegetable	ナス	1330
🍇	くだもの|ぐれーぷ|ぶどう	dionysus|fruit|grape|grapes	ぶどう	1329
🍈	くだもの|ますくめろん|めろん|やさい	cantaloupe|fruit|melon	メロン	1328
🍉	くだもの|すいか|やさい	fruit|watermelon	スイカ	1327
🍊	おれんじ|かんきつるい|くだもの|ねくたりん|みかん	c|citrus|fruit|nectarine|orange|tangerine|vitamin	みかん	1326
🍋	かんきつるい|くだもの|すっぱい|れもん	citrus|fruit|lemon|sour	レモン	1325
🍌	かりうむ|くだもの|ばなな	banana|fruit|potassium	バナナ	1324
🍍	くだもの|とろぴかる|ぱいなっぷる|ぱいん	colada|fruit|pina|pineapple|tropical	パイナップル	1323
🍎	あかりんご|あっぷる|くだもの|りんご	apple|diet|food|fruit|health|red|red_apple|ripe	赤リンゴ	1322
🍏	あおりんご|あっぷる|くだもの|りんご	apple|fruit|green|green_apple	青リンゴ	1321
🍐	くだもの|せいようなし|なし|ようなし	fruit|pear	洋ナシ	1320
🍑	くだもの|ぴーち|もも	fruit|peach	桃	1319
🍒	くだもの|さくらんぼ|ちぇりー	berries|cherries|cherry|fruit|red	さくらんぼ	1318
🍓	いちご|くだもの|すとろべりー	berry|fruit|strawberry	いちご	1317
🍔	はんばーがー|ばーがー|ふぁすとふーど	burger|eat|fast|food|hamburger|hungry	ハンバーガー	1316
🍕	ちーず|ぴざ|ぴっつぁ|ぺぱろに	cheese|food|hungry|pepperoni|pizza|slice	ピザ	1315
🍖	にく|ほね|ほねつきにく|ももにく	bone|meat|meat_on_bone	骨付き肉	1314
🍗	ちきん|とりももにく|にく|ほね|ほねつきにく|ももにく	bone|chicken|drumstick|hungry|leg|poultry|poultry_leg|turkey	鶏もも肉	1313
🍘	おかし|せんべい	cracker|food|rice|rice_cracker	せんべい	1312
🍙	おにぎり|おむすび|こめ|わしょく	ball|food|japanese|rice|rice_ball	おにぎり	1311
🍚	こめ|ごはん|ちゃわん|らいす	cooked|cooked_rice|food|rice	ごはん	1310
🍛	かれー|かれーらいす|らいす	curry|curry_rice|food|rice	カレーライス	1309
🍜	あつあつ|すーぷ|どんぶり|ぬーどる|はし|めん|らーめん	bowl|chopsticks|food|noodle|pho|ramen|soup|steaming|steaming_bowl	ラーメン	1308
🍝	いたりありょうり|すぱげってぃ|すぱげってぃー|すぱげてぃ|ぱすた|みーとそーす	food|meatballs|pasta|restaurant|spaghetti	スパゲッティ	1307
🍞	こむぎ|しょくぱん|ぱん|べーかりー	bread|carbs|food|grain|loaf|restaurant|toast|wheat	食パン	1306
🍟	ふぁすとふーど|ふらいどぽてと|ふれんちふらい|ぽてと|ぽてとふらい	fast|food|french|french_fries|fries	フライドポテト	1305
🍠	いも|さつまいも|やきいも	food|potato|roasted|roasted_sweet_potato|sweet	焼き芋	1304
🍡	おだんご|くし|だんご|でざーと|わがし	dango|dessert|japanese|skewer|stick|sweet	だんご	1303
🍢	おでん|くし|ねりもの	food|kebab|oden|restaurant|seafood|skewer|stick	おでん	1302
🍣	おすし|すし	food|sushi	すし	1301
🍤	えび|えびてん|えびふらい|てんぷら|ふらい	fried|fried_shrimp|prawn|shrimp|tempura	エビフライ	1300
🍥	うず|うずまき|なると|ねりもの	cake|fish|fish_cake_with_swirl|food|pastry|restaurant|swirl	なると	1299
🍦	あいす|おかし|すいーつ|そふと|そふとくりーむ|でざーと	cream|dessert|food|ice|icecream|restaurant|serve|soft|soft_ice_cream|sweet	ソフトクリーム	1298
🍧	あいす|おかし|かきごおり|こおり|しぇいぶあいす|すいーつ|でざーと	dessert|ice|restaurant|shaved|shaved_ice|sweet	かき氷	1297
🍨	あいす|あいすくりーむ|おかし|すいーつ|でざーと	cream|dessert|food|ice|ice_cream|restaurant|sweet	アイスクリーム	1296
🍩	おかし|すいーつ|でざーと|どーなつ	breakfast|dessert|donut|doughnut|food|sweet	ドーナツ	1295
🍪	おかし|くっきー|すいーつ|ちょこれーとちっぷ|でざーと	chip|chocolate|cookie|dessert|sweet	クッキー	1294
🍫	いたちょこ|おかし|すいーつ|ちょこ|ちょこれーと|でざーと	bar|candy|chocolate|chocolate_bar|dessert|halloween|sweet|tooth	チョコレート	1293
🍬	あめ|おかし|きゃんでぃ|きゃんでぃー|むしば	candy|cavities|dessert|halloween|restaurant|sweet|tooth|wrapper	キャンディ	1292
🍭	あめ|おかし|きゃんでぃ|きゃんでぃー|ぺろぺろきゃんでぃ|ぼうつききゃんでぃ	candy|dessert|food|lollipop|restaurant|sweet	ぺろぺろキャンディ	1291
🍮	おかし|かすたーど|すいーつ|でざーと|ぷりん	custard|dessert|pudding|sweet	プリン	1290
🍯	あまい|つぼ|はちみつ|はにー|はにーぽっと|ぷーさん|みつびん	barrel|bear|food|honey|honey_pot|honeypot|jar|pot|sweet	はちみつ	1289
🍰	おかし|けーき|しょーとけーき|すいーつ|でざーと	cake|dessert|pastry|shortcake|slice|sweet	ショートケーキ	1288
🍱	えきべん|べんとう|べんとうばこ|まくのうち	bento|bento_box|box|food	弁当	1287
🍲	しちゅー|すーぷ|なべ|なべりょうり|にこみ|にもの	food|pot|pot_of_food|soup|stew	なべ	1286
🍳	たまご|ちょうしょく|ふらいぱん|めだまやき|りょうり|れすとらん	breakfast|cooking|easy|egg|fry|frying|over|pan|restaurant|side|sunny|up	料理	1285
🍴	かとらりー|ごちそう|しょくじ|しょっき|ちょうしょく|でぃなー|ないふ|ないふとふぉーく|ふぉーく|れすとらん	breakfast|breaky|cooking|cutlery|delicious|dinner|eat|feed|food|fork|fork_and_knife|hungry|knife|lunch|restaurant|yum|yummy	ナイフとフォーク	1284
🍵	おちゃ|ちゃわん|のみもの|ゆのみ|りょくちゃ	beverage|cup|drink|handle|oolong|tea|teacup|teacup_without_handle	湯飲み	1283
🍶	さけ|ちょこ|とっくり|にほんしゅ	bar|beverage|bottle|cup|drink|restaurant|sake	徳利	1282
🍷	あるこーる|おさけ|ぐらす|ばー|わいん|わいんぐらす	alcohol|bar|beverage|booze|club|drink|drinking|drinks|glass|restaurant|wine|wine_glass	ワイングラス	1281
🍸️	あるこーる|おさけ|かくてる|かくてるぐらす|くらぶ|ぐらす|ばー|まてぃーに		バー	1280
🍹	あるこーる|おさけ|かくてる|とろぴかる|とろぴかるどりんく|ばー|まいたい	alcohol|bar|booze|club|cocktail|drink|drinking|drinks|drunk|mai|party|tai|tropical|tropical_drink|tropics	トロピカルドリンク	1279
🍺	あるこーる|いざかや|おくとーばーふぇすと|おさけ|じょっき|ばー|びーる|びーるじょっき	alcohol|ale|bar|beer|beer_mug|booze|drink|drinking|drinks|mug|octoberfest|oktoberfest|pint|stein|summer	ビールジョッキ	1278
🍻	あるこーる|えんかい|かんぱい|じょっき|ばー|びーる|びーるでかんぱい	alcohol|bar|beer|booze|bottoms|cheers|clink|clinking|clinking_beer_mugs|drinking|drinks|mugs	ビールで乾杯	1277
🍼	あかちゃん|しんせいじ|ほにゅうびん|みるく	babies|baby|baby_bottle|birth|born|bottle|drink|infant|milk|newborn	ほにゅう瓶	1276
🍽️	おさら|さら|しょっき|でぃなー|ないふ|ないふとふぉーくとさら|ふぉーく		絵文字	1275
🍾	あわ|こるく|しゃんぱん|しゃんぺん|すぱーくりんぐわいん|すぷまんて|のみもの|ばー|ぼとる	bar|bottle|bottle_with_popping_cork|cork|drink|popping	シャンパン	1274
🍿	おかし|ぽっぷこーん	corn|movie|pop|popcorn	ポップコーン	1273
🎀	おいわい|りぼん	celebration|ribbon	リボン	1272
🎁	おいわい|ぎふと|はこ|ぷれぜんと|りぼん	birthday|bow|box|celebration|christmas|gift|present|surprise|wrapped|wrapped_gift	プレゼント	1271
🎂	おいわい|おかし|おたんじょうび|けーき|すいーつ|たんじょうび|はっぴーばーすでー|ばーすでー|ばーすでーけーき	bday|birthday|birthday_cake|cake|celebration|dessert|happy|pastry|sweet	バースデーケーキ	1270
🎃	かぼちゃ|はろうぃん|はろうぃんかぼちゃ|はろうぃーん	celebration|halloween|jack|jack-o-lantern|lantern|pumpkin	ハロウィンかぼちゃ	1269
🎄	くりすます|くりすますいぶ|くりすますつりー|つりー	celebration|christmas|christmas_tree|tree	クリスマスツリー	1268
🎅	かお|くりすます|さんた|さんたくろーす	celebration|christmas|claus|fairy|fantasy|father|holiday|merry|santa|santa_claus|tale|xmas	サンタ	1267
🎆	うちあげはなび|おまつり|どーん|はなび|はなびたいかい	boom|celebration|entertainment|fireworks|yolo	打ち上げ花火	1266
🎇	おまつり|せんこうはなび|はなび|ひばな	boom|celebration|fireworks|sparkle|sparkler	線香花火	1265
🎈	ばるーん|ふうせん	balloon|birthday|celebrate|celebration	風船	1264
🎉	おいわい|くらっかー|たんじょうび|ぱーてぃー|ぱーてぃーくらっかー	awesome|birthday|celebrate|celebration|excited|hooray|party|party_popper|popper|tada|woohoo	クラッカー	1263
🎊	おいわい|かみふぶき|くすだま|ぱーてぃー	ball|celebrate|celebration|confetti|confetti_ball|party|woohoo	くす玉	1262
🎋	ささかざり|たなばた|たんざく|にほん|わ	banner|celebration|japanese|tanabata|tanabata_tree|tree	七夕	1261
🎌	こうさしたはた|しゅくじつ|しゅくじつのはた|にほん|はた|ひのまる|ふらぐ|ふらっぐ	celebration|cross|crossed|crossed_flags|flags|japanese	祝日の旗	1260
🎍	おいわい|かどまつ|しょうがつ|たけ|にほん|わ	bamboo|celebration|decoration|japanese|pine|pine_decoration|plant	門松	1259
🎎	おいわい|おだいりさま|おひなさま|にほん|にんぎょう|ひなにんぎょう|ひなまつり|わ	celebration|doll|dolls|festival|japanese|japanese_dolls	ひな祭り	1258
🎏	おいわい|こいのぼり|こどものひ	carp|carp_streamer|celebration|streamer	こいのぼり	1257
🎐	かぜ|すず|なつ|ふうりん	bell|celebration|chime|wind|wind_chime	風鈴	1256
🎑	じゅうごや|じゅうごよ|すすき|だんご|つき|つきみ	celebration|ceremony|moon|moon_viewing_ceremony|viewing	月見	1255
🎒	かばん|がっこう|しょうがくせい|しょうがっこう|ばっくぱっく|らんどせる|りゅっくさっく	backpack|backpacking|bag|bookbag|education|rucksack|satchel|school	バックパック	1254
🎓️	かくぼう|がくしゃ|そつぎょう|そつぎょうしき|ぼうし		卒業式	1253
🎖️	おいわい|くんしょう|ひょうしょう|めだる		絵文字	1252
🎗️	おいわい|りぼん|りまいんだー|りまいんだーりぼん		絵文字	1251
🎙️	おんがく|すたじおまいく|まいく		絵文字	1250
🎚️	おんがく|すらいだー|れべる|れべるすらいだー		絵文字	1249
🎛️	おんがく|こんとろーる|こんとろーるつまみ|ちょうせい|つまみ|のぶ		絵文字	1248
🎞️	えいが|えいがふぃるむ|しねま|ふぃるむ|ふれーむ|むーびー		絵文字	1247
🎟️	ちけっと|にゅうじょうけん|にゅうじょうぱす|はんけん		絵文字	1246
🎠	うま|かいてんもくば|めりーごーらうんど|めりーごーらんど|ゆうえんち	carousel|carousel_horse|entertainment|horse	メリーゴーランド	1245
🎡	あみゅーずめんとぱーく|かんらんしゃ|ゆうえんち	amusement|ferris|ferris_wheel|park|theme|wheel	観覧車	1244
🎢	あみゅーずめんとぱーく|こーすたー|じぇっとこーすたー|ゆうえんち	amusement|coaster|park|roller|roller_coaster|theme	ジェットコースター	1243
🎣	さかな|すぽーつ|つり|つりざお|ふぃっしんぐ	entertainment|fish|fishing|fishing_pole|pole|sport	釣り	1242
🎤	うた|おんがく|からおけ|まいく	karaoke|mic|microphone|music|sing|sound	マイク	1241
🎥	えいが|えいがかめら|かめら|さつえい|しねま|はりうっど|ふぃるむ|むーびー	bollywood|camera|cinema|film|hollywood|movie|movie_camera|record	映画カメラ	1240
🎦	えいが|えいがかん|かめら|どうが	camera|cinema|film|movie	映画	1239
🎧️	いやふぉん|いやほん|おんがく|へっどふぉん|へっどほん		ヘッドフォン	1238
🎨	あーと|え|えのぐぱれっと|かいが|がか|げいじゅつ|ぱれっと|びじゅつかん|ふで	art|artist|artist_palette|artsy|arty|colorful|creative|entertainment|museum|painter|painting|palette	絵の具パレット	1237
🎩	しるくはっと|ぼうし|やまたかぼう	clothes|clothing|fancy|formal|hat|magic|top|top_hat|tophat	シルクハット	1236
🎪	いべんと|さーかす|さーかすごや|てんと	circus|circus_tent|tent	サーカス	1235
🎫	きっぷ|ちけっと|にゅうじょうけん|はんけん	admission|stub|ticket	チケット	1234
🎬️	えいが|かちんこ		カチンコ	1233
🎭️	えんげい|えんげき|かめん|げいじゅつ|げきじょう|じょゆう|はいゆう|ぶたいげいじゅつ|やくしゃ		演劇	1232
🎮️	げーむ|こんとろーら|こんとろーらー|てれびげーむ|びでおげーむ		ゲーム	1231
🎯	あたり|すぽーつ|だーつ|てき|てきちゅう|ぶるずあい|まと	bull|bullseye|dart|direct|entertainment|game|hit|target	的	1230
🎰	かじの|ぎゃんぶる|げーむ|すりーせぶん|すろっと|すろっとましん	casino|gamble|gambling|game|machine|slot|slot_machine|slots	スロットマシン	1229
🎱	えいとぼーる|すぽーつ|たまつき|びりやーど|ぼーる	8|8ball|ball|billiard|eight|game|pool|pool_8_ball	ビリヤード	1228
🎲	げーむ|さいころ|だいす	dice|die|entertainment|game|game_die	サイコロ	1227
🎳	すとらいく|すぽーつ|たま|ぼうりんぐ|ぼーる	ball|bowling|game|sport|strike	ボウリング	1226
🎴	かーど|げーむ|はなふだ	card|cards|flower|flower_playing_cards|game|japanese|playing	花札	1225
🎵	おんがく|おんぷ|はちぶおんぷ|れんぷ	music|musical|musical_note|note|sound	音符	1224
🎶	おんがく|おんぷ|はちぶおんぷ|ふくすうのおんぷ	music|musical|musical_notes|note|notes|sound	複数の音符	1223
🎷	おんがく|がっき|さきそふぉん|さくそふぉん|さっくす	instrument|music|sax|saxophone	サックス	1222
🎸	えれきぎたー|おんがく|がっき|ぎたー	guitar|instrument|music|strat	ギター	1221
🎹	おんがく|がっき|きーぼーど|けんばん|ぴあの	instrument|keyboard|music|musical|musical_keyboard|piano	鍵盤	1220
🎺	おんがく|がっき|とらんぺっと|らっぱ	instrument|music|trumpet	トランペット	1219
🎻	おんがく|がっき|すとらでぃばりうす|ばいおりん|ゔぃおら	instrument|music|violin	バイオリン	1218
🎼	おんがく|がくふ|ごせん|ごせんふ|すこあ|とおんきごう	music|musical|musical_score|note|score	楽譜	1217
🎽	えきでん|しゃつ|すぽーつ|たすき|ちょうきょりそう|まらそん|らんにんぐ|らんにんぐしゃつ	athletics|running|running_shirt|sash|shirt	長距離走	1216
🎾	すぽーつ|てにす|てにすぼーる|ぼーる|らけっと	ball|racquet|sport|tennis	テニス	1215
🎿	いた|すきー|すきーぶーつ|すとっく|すぽーつ|ゆき	ski|skis|snow|sport	スキー	1214
🏀	すぽーつ|ばすけ|ばすけっとぼーる|ぼーる	ball|basketball|hoop|sport	バスケットボール	1213
🏁	しょうり|すぽーつ|ちぇっかー|ちぇっかーふらぐ|ちぇっかーふらっぐ|はた|ふらぐ|ふらっぐ|れーしんぐ|れーす	checkered|chequered|chequered_flag|finish|flag|flags|game|race|racing|sport|win	チェッカーフラッグ	1212
🏂️	すのぼ|すのーぼーだー|すのーぼーど|すぽーつ		スノボ	1211
🏃	いそぐ|かけあし|じょぎんぐ|すぽーつ|はしる|はしるひと|まらそん|らんなー|らんにんぐ	fast|hurry|marathon|move|person|person_running|quick|race|racing|run|rush|speed	走る人	1210
🏃‍♀️	いそぐ|かけあし|じょぎんぐ|じょせい|はしる|はしるおんな|まらそん|らんなー|らんにんぐ		絵文字	1209
🏃‍♂️	じょぎんぐ|だんせい|はしるおとこ|まらそん|らんなー|らんにんぐ		絵文字	1208
🏄‍♀️	おんな|さーふぁー|さーふぃんするおんな|じょせい|すぽーつ|なみのり		絵文字	1206
🏄‍♂️	おとこ|さーふぁー|さーふぃんするおとこ|すぽーつ|だんせい|なみのり		絵文字	1205
🏄️	うみ|さーふぁー|さーふぃん|さーふぃんするひと|すぽーつ|なみ|なみのり		サーファー	1207
🏅	きん|きんめだる|すぽーつ|ひょうしょう|めだる|ゆうしょう	award|gold|medal|sports|sports_medal|winner	メダル	1204
🏆️	かっぷ|しょうはい|ちゃんぴおん|とろふぃー|ひょうしょう|ゆうしょう|ゆうしょうかっぷ		トロフィー	1203
🏇	うま|きしゅ|きょうそうば|けいば|じょうば|じょっきー|すぽーつ	horse|horse_racing|jockey|racehorse|racing|riding|sport	競馬	1202
🏈	あめふと|あめりかんふっとぼーる|すぽーつ|ふっとぼーる|ぼーる|らぐびー|らぐびーぼーる	american|american_football|ball|bowl|football|sport|super	アメフト	1201
🏉	すぽーつ|ぼーる|らぐびー|らぐびーぼーる	ball|football|rugby|rugby_football|sport	ラグビー	1200
🏊‍♀️	およぐおんな|おんな|じょせい|すいえい|すいまー|すいみんぐ|すいむ|すぽーつ		絵文字	1198
🏊‍♂️	およぐおとこ|すいえい|すいまー|すいみんぐ|すいむ|すぽーつ|だんせい		絵文字	1197
🏊️	およぐひと|くろーる|じゆうがた|すいえい|すいまー|すいみんぐ|すいむ|すぽーつ|とらいあすろん		水泳	1199
🏋️	うぇいとりふてぃんぐ|うんどう|きんとれ|じゅうりょうあげ|じゅうりょうあげをするひと|すぽーつ|でっどりふと|ばーべる|ぱわーりふてぃんぐ|ぼでぃびるだー		絵文字	1196
🏋️‍♀️	うぇいとりふてぃんぐ|おんな|じゅうりょうあげをするおんな|じょせい|すぽーつ		絵文字	1195
🏋️‍♂️	うぇいとりふてぃんぐ|おとこ|じゅうりょうあげをするおとこ|すぽーつ|だんせい		絵文字	1194
🏌️	うちっぱなし|きゅうぎ|ごるふ|ごるふぁー|ごるふをするひと|すぽーつ		絵文字	1193
🏌️‍♀️	おんな|きゅうぎ|ごるふ|ごるふぁー|ごるふをするおんな|じょせい|すぽーつ		絵文字	1192
🏌️‍♂️	おとこ|ごるふ|ごるふぁー|ごるふをするおとこ|すぽーつ|だんせい		絵文字	1191
🏍️	おーとばい|おーとれーす|すぽーつ|のりもの|ばいく|もーたーすぽーつ		絵文字	1190
🏎️	えふわん|かーれーす|くるま|すぽーつ|のりもの|もーたーすぽーつ|れーしんぐかー|れーす		絵文字	1189
🏏	くりけっと|すぽーつ|ばっと|ぼーる	ball|bat|cricket|cricket_game|game	クリケット	1188
🏐	すぽーつ|ばれー|ばれーぼーる|ぼーる	ball|game|volleyball	バレーボール	1187
🏑	すてぃっく|すぽーつ|ふぃーるどほっけー|ほっけー|ぼーる	ball|field|field_hockey|game|hockey|stick	ホッケー	1186
🏒	あいすほっけー|すてぃっく|すぽーつ|ぱっく|ほっけー	game|hockey|ice|ice_hockey|puck|stick	アイスホッケー	1185
🏓	すぽーつ|たっきゅう|ぴんぽん|ぼーる|らけっと	ball|bat|game|paddle|ping|ping_pong|pingpong|pong|table|tennis	卓球	1184
🏔️	かんせつ|やま|ゆき|ゆきやま		絵文字	1183
🏕️	きゃんぷ|てんと|やま		絵文字	1182
🏖️	すなはま|ぱらそる|びーち|びーちぱらそる		絵文字	1181
🏗️	くれーん|けんせつ|けんせつちゅう|けんちく|こうじ		絵文字	1180
🏘️	いえ|じゅうたくがい|ふくすうのいえ|まち		絵文字	1179
🏙️	こうそうびる|とかい|とし|びるぐん		絵文字	1178
🏚️	あきや|いえ|たてもの|はいおく		絵文字	1177
🏛️	こだい|しせき|れきし|れきしてきけんぞうぶつ|れきしてきなたてもの		絵文字	1176
🏜️	さばく|さぼてん|さぼてんのあるさばく		絵文字	1175
🏝️	しま|むじんとう|やし|やしのきのあるしま		絵文字	1174
🏞️	こうえん|こくりつこうえん|しぜん		絵文字	1173
🏟️	きょうぎじょう|すたじあむ|やきゅうじょう		絵文字	1172
🏠️	いえ|いっこだて|かおく|こうがい|たてもの|まいほーむ		家	1171
🏡	いえ|いっこだて|うち|こうがい|たてもの|にわ|にわつきのいえ|ほーむ|まいほーむ	building|country|garden|heart|home|house|house_with_garden|ranch|settle|simple|suburban|suburbia|where	庭付きの家	1170
🏢	おふぃすびる|かいしゃ|しゃおく|たてもの|とかい|びる	building|city|cubical|job|office|office_building	オフィスビル	1169
🏣	たてもの|ゆうびん|ゆうびんきょく	building|japanese|japanese_post_office|office|post	郵便局	1168
🏤	せいようのゆうびんきょく|たてもの|ゆうびん	building|european|office|post|post_office	西洋の郵便局	1167
🏥	いしゃ|くすり|たてもの|びょういん	building|doctor|hospital|medicine	病院	1166
🏦	ぎんこう|たてもの	bank|building	銀行	1165
🏧	ぎんこう|げんきんじどうあずけばらいき	atm|atm_sign|automated|bank|cash|money|sign|teller	ATM	1164
🏨	たてもの|ほてる	building|hotel	ホテル	1163
🏩	たてもの|ほてる|らぶほ|らぶほてる	building|hotel|love|love_hotel	ラブホテル	1162
🏪	こんびに|こんびにえんすすとあ|たてもの|にじゅうよじかんえいぎょう|みせ	24|building|convenience|convenience_store|hours|store	コンビニ	1161
🏫	がっこう|こうしゃ|たてもの	building|school	学校	1160
🏬	たてもの|てんぽ|でぱーと|ひゃっかてん|びる	building|department|department_store|store	デパート	1159
🏭️	えんとつ|こうじょう|こうば|たてもの|ふぁくとりー		工場	1158
🏮	あかちょうちん|いざかや|ちょうちん|のみや	bar|lantern|light|paper|red|red_paper_lantern|restaurant	赤ちょうちん	1157
🏯	おしろ|しろ|たてもの|にほん|にほんのしろ	building|castle|japanese|japanese_castle	城	1156
🏰	おしろ|きゃっする|しろ|せいようのしろ|たてもの	building|castle|european	西洋の城	1155
🏳️	しらはた|しろ|はた|ふらぐ|ふらっぐ		絵文字	1154
🏳️‍⚧️	てぃーじー|とらんすじぇんだー|とらんすじぇんだーふらっぐ|はた|ふらぐ|ふらっぐ		絵文字	1153
🏳️‍🌈	げい|とらんすじぇんだー|にじいろのはた|ばいせくしゅある|ふらぐ|ぷらいど|れいんぼー|れいんぼーふらっぐ|れずびあん		絵文字	1152
🏴	くろ|こっき|はた|ふらぐ|ふらっぐ	black|black_flag|flag|waving	黒旗	1151
🏴‍☠️	かいぞく|かいぞくき|じょりーろじゃー|たからもの|りゃくだつ		絵文字	1150
🏴󠁧󠁢󠁥󠁮󠁧󠁿	いんぐらんど|はた		絵文字	1149
🏴󠁧󠁢󠁳󠁣󠁴󠁿	すこっとらんど|はた		絵文字	1148
🏴󠁧󠁢󠁷󠁬󠁳󠁿	うぇーるず|はた		絵文字	1147
🏵️	しょくぶつ|はな|はなかざり		絵文字	1146
🏷️	たぐ|にふだ|らべる		絵文字	1145
🏸	しゃとる|すぽーつ|ばどみんとん|らけっと	badminton|birdie|game|racquet|shuttlecock	バドミントン	1144
🏹	いてざ|しゃしゅ|せいざ|ぶき|や|ゆみ|ゆみや	archer|archery|arrow|bow|bow_and_arrow|sagittarius|tool|weapon|zodiac	弓矢	1143
🏺	かめ|せいざ|つぼ|みずがめ	amphora|aquarius|cooking|drink|jug|tool|weapon|zodiac	壺	1142
🐀	どうぶつ|ねずみ|らっと	animal|rat	ネズミ	1141
🐁	どうぶつ|ねずみ|はつかねずみ|まうす	animal|animals|mouse	ハツカネズミ	1140
🐂	うし|おうし|おうしざ|せいざ|どうぶつ	animal|animals|bull|farm|ox|taurus|zodiac	牡牛	1139
🐃	うし|すいぎゅう|どうぶつ|ばっふぁろー	animal|buffalo|water|water_buffalo|zoo	水牛	1138
🐄	うし|かちく|どうぶつ|にゅうぎゅう|めうし	animal|animals|cow|farm|milk|moo	牝牛	1137
🐅	たいがー|とら|どうぶつ|にくしょくどうぶつ	animal|big|cat|predator|tiger|zoo	トラ	1136
🐆	どうぶつ|にくしょくどうぶつ|ひょう	animal|big|cat|leopard|predator|zoo	ヒョウ	1135
🐇	うさぎ|どうぶつ|ぺっと	animal|bunny|pet|rabbit	ウサギ	1134
🐈‍⬛	くろ|くろねこ|どうぶつ|ねこ|ふきつ	animal|black|black_cat|cat|feline|halloween|meow|unlucky	黒猫	1132
🐈️	どうぶつ|ねこ|ぺっと		絵文字	1133
🐉	どうぶつ|どらごん|りゅう	animal|dragon|fairy|fairytale|knights|tale	ドラゴン	1131
🐊	くろこだいる|どうぶつ|はちゅうるい|わに	animal|crocodile|zoo	ワニ	1130
🐋	くじら|どうぶつ	animal|beach|ocean|whale	クジラ	1129
🐌	えすかるご|かたつむり|でんでんむし|むし	animal|escargot|garden|nature|slug|snail	かたつむり	1128
🐍	せいざ|どうぶつ|どく|はちゅうるい|へび|へびつかいざ	animal|bearer|ophiuchus|serpent|snake|zodiac	ヘビ	1127
🐎	うま|かちく|きょうそうば|けいば|じょうば|だーびー|どうぶつ	animal|equestrian|farm|horse|racehorse|racing	馬	1126
🐏	おひつじ|おひつじざ|せいざ|どうぶつ|ひつじ	animal|aries|horns|male|ram|sheep|zodiac|zoo	牡羊	1125
🐐	かちく|せいざ|どうぶつ|やぎ|やぎざ	animal|capricorn|farm|goat|milk|zodiac	山羊	1124
🐑	うーる|かちく|どうぶつ|ひつじ|ようもう	animal|baa|ewe|farm|female|fluffy|lamb|sheep|wool	羊	1123
🐒	さる|どうぶつ	animal|banana|monkey	サル	1122
🐓	おんどり|とり|どうぶつ|にわとり	animal|bird|ornithology|rooster	おんどり	1121
🐔	かお|とり|どうぶつ|にわとり	animal|bird|chicken|ornithology	にわとり	1120
🐕‍🦺	あくせしびりてぃ|いぬ|かいじょけん|さーびす|ほじょ	accessibility|animal|assistance|dog|service|service_dog	介助犬	1118
🐕️	いぬ|どうぶつ|ぺっと		絵文字	1119
🐖	かちく|どうぶつ|ぶた|ぽーく	animal|bacon|farm|pig|pork|sow	ブタ	1117
🐗	いのしし|かお|どうぶつ|のぶた	animal|boar|pig	イノシシ	1116
🐘	ぞう|どうぶつ	animal|elephant	ゾウ	1115
🐙	おくとぱす|たこ|どうぶつ|なんたいどうぶつ	animal|creature|ocean|octopus	タコ	1114
🐚	かい|かいがら|どうぶつ|まきがい	animal|beach|conch|sea|shell|spiral|spiral_shell	巻き貝	1113
🐛	いもむし|けむし|げじげじ|むし	animal|bug|garden|insect	毛虫	1112
🐜	あり|こんちゅう|むし	animal|ant|garden|insect	アリ	1111
🐝	はち|みつばち|むし	animal|bee|bumblebee|honey|honeybee|insect|nature|spring	ミツバチ	1110
🐞	てんとうむし|むし	animal|beetle|garden|insect|lady|lady_beetle|ladybird|ladybug|nature	テントウムシ	1109
🐟️	うおざ|さかな|せいざ|つり|どうぶつ|ふぃっしんぐ		魚	1108
🐠	さかな|どうぶつ|ねったいぎょ	animal|fish|fishes|tropical|tropical_fish	熱帯魚	1107
🐡	さかな|どうぶつ|ふぐ	animal|blowfish|fish	フグ	1106
🐢	かめ|どうぶつ|はちゅうるい	animal|terrapin|tortoise|turtle	カメ	1105
🐣	かお|たまご|たまごからかえったひよこ|とり|どうぶつ|ひな|ひなどり|ひよこ|ふか	animal|baby|bird|chick|egg|hatching|hatching_chick	卵からかえったひよこ	1104
🐤	かお|とり|どうぶつ|ひな|ひよこ|よこをむいているひよこ	animal|baby|baby_chick|bird|chick|ornithology	ひよこ	1103
🐥	とり|どうぶつ|ひな|ひよこ|まえをむいているひよこ	animal|baby|bird|chick|front-facing|front-facing_baby_chick|newborn|ornithology	前を向いているひよこ	1102
🐦‍⬛	からす|かーかー|くちばし|くろ|くろいとり|こくちょう|ちょうるい|とり|みやまがらす|わたりがらす	animal|beak|bird|black|black_bird|caw|corvid|crow|ornithology|raven|rook	黒い鳥	1100
🐦️	かお|とり|どうぶつ		鳥	1101
🐧	かお|とり|どうぶつ|ぺんぎん	animal|antarctica|bird|ornithology|penguin	ペンギン	1099
🐨	かお|こあら|どうぶつ	animal|australia|bear|down|face|koala|marsupial|under	コアラ	1098
🐩	いぬ|どうぶつ|ぷーどる|ぺっと	animal|dog|fluffy|poodle	プードル	1097
🐪	こぶ|さばく|どうぶつ|ひとこぶらくだ|らくだ	animal|camel|desert|dromedary|hump|one	ラクダ	1096
🐫	こぶ|さばく|どうぶつ|ふたこぶ|ふたこぶらくだ|らくだ	animal|bactrian|camel|desert|hump|two|two-hump|two-hump_camel	フタコブラクダ	1095
🐬	いるか|どうぶつ|どるふぃん	animal|beach|dolphin|flipper|ocean	イルカ	1094
🐭	えと|かお|じゅうにし|どうぶつ|ね|ねずみ|ねずみのかお	animal|face|mouse|mouse_face	ネズミの顔	1093
🐮	うし|うしのかお|えと|かお|じゅうにし|どうぶつ	animal|cow|cow_face|face|farm|milk|moo	牛の顔	1092
🐯	えと|かお|しし|じゅうにし|とら|とらのかお|どうぶつ	animal|big|cat|face|predator|tiger|tiger_face	トラの顔	1091
🐰	う|うさぎ|うさぎのかお|えと|かお|じゅうにし|どうぶつ|ぺっと	animal|bunny|face|pet|rabbit|rabbit_face	ウサギの顔	1090
🐱	かお|こねこ|どうぶつ|ねこ|ねこのかお|ぺっと	animal|cat|cat_face|face|kitten|kitty|pet	ネコの顔	1089
🐲	えと|かお|じゅうにし|たつ|どうぶつ|どらごん|どらごんのかお|りゅう	animal|dragon|dragon_face|face|fairy|fairytale|tale	ドラゴンの顔	1088
🐳	くじら|しお|しおふき|しおふきくじら|どうぶつ	animal|beach|face|ocean|spouting|spouting_whale|whale	潮吹きクジラ	1087
🐴	うま|うまのかお|かお|どうぶつ	animal|dressage|equine|face|farm|horse|horse_face|horses	馬の顔	1086
🐵	かお|さる|さるのかお|どうぶつ	animal|banana|face|monkey|monkey_face	サルの顔	1085
🐶	いぬ|いぬのかお|かお|こいぬ|どうぶつ|ぺっと	adorbs|animal|dog|dog_face|face|pet|puppies|puppy	イヌの顔	1084
🐷	かお|どうぶつ|ぶた|ぶたのかお	animal|bacon|face|farm|pig|pig_face|pork	ブタの顔	1083
🐸	かえる|かえるのかお|かお|どうぶつ	animal|face|frog	カエルの顔	1082
🐹	かお|どうぶつ|ねずみ|はむすたー|はむすたーのかお|ぺっと	animal|face|hamster|pet	ハムスターの顔	1081
🐺	おおかみ|おおかみのかお|かお|どうぶつ	animal|face|wolf	オオカミの顔	1080
🐻	かお|くま|くまのかお|どうぶつ	animal|bear|face|grizzly|growl|honey	クマの顔	1079
🐻‍❄️	くま|しろ|しろくま|どうぶつ|ほっきょく|ほっきょくぐま		絵文字	1078
🐼	かお|どうぶつ|ぱんだ|ぱんだのかお	animal|bamboo|face|panda	パンダの顔	1077
🐽	かお|どうぶつ|はな|ぶた|ぶたばな	animal|face|farm|nose|pig|pig_nose|smell|snout	ブタ鼻	1076
🐾	あしあと|いぬ|どうぶつ|にくきゅう|ねこ	feet|paw|paw_prints|paws|print|prints	肉球	1075
🐿️	しまりす|どうぶつ|りす		絵文字	1074
👀	うごくめだま|かお|からだ|め|りょうめ	body|eye|eyes|face|googly|look|looking|omg|peep|see|seeing	目	1073
👁️	かため|からだ|ひとつめ|め		絵文字	1072
👁️‍🗨️	ふきだし|ふきだしのめ|め|もくげき		絵文字	1071
👂️	かお|からだ|ききみみ|きく|みみ		耳	1070
👃	かお|からだ|はな	body|nose|noses|nosey|odor|smell|smells	鼻	1069
👄	かお|からだ|きす|くち|くちびる	beauty|body|kiss|kissing|lips|lipstick|mouth	口	1068
👅	かお|からだ|した|べろ|べー	body|lick|slurp|tongue	舌	1067
👆️	うえ|て|てのこううえゆびさし|てのこうじょうゆびさし|やじるし|ゆび|ゆびさし|ゆびさす		上	1066
👇️	した|したゆびさし|て|やじるし|ゆび|ゆびさし|ゆびさす		下	1065
👈️	て|ひだり|ひだりゆびさし|やじるし|ゆび|ゆびさし|ゆびさす		左	1064
👉️	て|みぎ|みぎゆびさし|やじるし|ゆび|ゆびさし|ゆびさす		右	1063
👊	ぐー|げんこつ|こぶし|て|ぱんち	absolutely|agree|boom|bro|bruh|bump|clenched|correct|fist|hand|knuckle|oncoming|oncoming_fist|pound|punch|rock|ttyl	グー	1062
👋	あいさつ|さようなら|さよなら|て|てをふる|はろー|ばいばい|またね	bye|cya|g2g|greetings|gtg|hand|hello|hey|hi|later|outtie|ttfn|ttyl|wave|waving_hand|yo|you	手を振る	1061
👌	おっけー|おーけー|おーけーのて|つまむ|て	awesome|bet|dope|fleek|fosho|got|gotcha|hand|legit|ok|ok_hand|okay|pinch|rad|sure|sweet|three	OKの手	1060
👍️	いいね|うえ|おっけー|おやゆび|おやゆびさいん|おーけー|ぐっど|さむあっぷ|さむずあっぷ|て|りょうかい		サムズアップ	1059
👎️	えぬじー|さむずだうん|した|だめ|て|ぶーいんぐ|ぼつ		ブーイング	1058
👏	おめでとう|て|てをたたく|はくしゅ|ぱちぱち	applause|approval|awesome|clap|clapping_hands|congrats|congratulations|excited|good|great|hand|homie|job|nice|prayed|well|yay	拍手	1057
👐	おっはー|て|てのひら|ひらいたりょうて|りょうてのひら	hand|hands|hug|jazz|open|open_hands|swerve	両手のひら	1056
👑	おうかん|おうぞく|かんむり|くらうん	clothing|crown|family|king|medieval|queen|royal|royalty|win	王冠	1055
👒	おんなのぼうし|ふじんぼうし|ぼうし|むぎわら|むぎわらぼうし	clothes|clothing|garden|hat|hats|party|woman|womans|womans_hat	婦人帽子	1054
👓️	めがね		メガネ	1053
👔	かいしゃいん|しゃつ|たい|ねくたい|ふく|わいしゃつ	clothing|employed|necktie|serious|shirt|tie	ネクタイ	1052
👕	しゃつ|てぃーしゃつ|ふく	blue|casual|clothes|clothing|collar|dressed|shirt|shopping|t-shirt|tshirt|weekend	Tシャツ	1051
👖	かじゅある|じーぱん|じーんず|ずぼん|でにむ|ぱんつ|ふく|ぶるーじーんず	blue|casual|clothes|clothing|denim|dressed|jeans|pants|shopping|trousers|weekend	ジーンズ	1050
👗	どれす|ふく|わんぴーす	clothes|clothing|dress|dressed|fancy|shopping	ワンピース	1049
👘	きもの|ふく|わふく	clothing|comfortable|kimono	着物	1048
👙	びきに|びーち|ふく|ぷーる|みずぎ	bathing|beach|bikini|clothing|pool|suit|swim	ビキニ	1047
👚	しゃつ|ふく|ふじんふく|ぶらうす	blouse|clothes|clothing|collar|dress|dressed|lady|shirt|shopping|woman|womans|womans_clothes	婦人服	1046
👛	がまぐち|がまぐちざいふ|こぜにいれ|さいふ	clothes|clothing|coin|dress|fancy|handbag|purse|shopping	がま口	1045
👜	かばん|しょっぴんぐ|はんどばっぐ|ばっぐ	bag|clothes|clothing|dress|handbag|lady|purse|shopping	ハンドバッグ	1044
👝	くらっちばっぐ|はんどばっぐ|ばっぐ|ぽーち	bag|clothes|clothing|clutch|clutch_bag|dress|handbag|pouch|purse	ポーチ	1043
👞	かわぐつ|くつ|しんしぐつ|ろーふぁー	brown|clothes|clothing|feet|foot|kick|man|mans|mans_shoe|shoe|shoes|shopping	紳士靴	1042
👟	あすれちっくしゅーず|くつ|しゅーず|じょぎんぐしゅーず|すにーかー|てにすしゅーず	athletic|clothes|clothing|fast|kick|running|running_shoe|shoe|shoes|shopping|sneaker|tennis	スニーカー	1041
👠	くつ|はいひーる|ひーる|ぴんひーる|ふく|ふじんぐつ	clothes|clothing|dress|fashion|heel|heels|high-heeled|high-heeled_shoe|shoe|shoes|shopping|stiletto|woman	ハイヒール	1040
👡	くつ|さんだる|ふく|ふじんぐつ	clothing|sandal|shoe|woman|womans|womans_sandal	サンダル	1039
👢	くつ|ふく|ふじんぐつ|ぶーつ|ろんぐぶーつ	boot|clothes|clothing|dress|shoe|shoes|shopping|woman|womans|womans_boot	ブーツ	1038
👣	あし|あしあと|はだし	barefoot|clothing|footprint|footprints|omw|print|walk	足あと	1037
👤	かげ|げすと|げすとあかうんと|しるえっと|じょうはんしん|なぞのひと|ひとかげ|ひとのしるえっと|ひとり	bust|bust_in_silhouette|mysterious|shadow|silhouette	人のシルエット	1036
👥	しるえっと|じょうはんしん|ともだち|ふたり	bff|bust|busts|busts_in_silhouette|everyone|friend|friends|people|silhouette	2人のシルエット	1035
👦	おとこのこ|かお|こども|しょうねん	boy|bright-eyed|child|grandson|kid|son|young|younger	男の子	1034
👧	おさげ|おんな|おんなのこ|かお|こども|しょうじょ|むすめ	bright-eyed|child|daughter|girl|granddaughter|kid|virgo|young|younger|zodiac	女の子	1033
👨	おとこ|おとな|かお|だんせい	adult|bro|man	男性	1032
👨‍⚕️	いし|いしゃ|おとこ|せらぴすと|だんせい|だんせいのいしゃ|どくたー		絵文字	1031
👨‍⚖️	おとこ|さいばん|さいばんかん|だんせい|だんせいのさいばんかん		絵文字	1030
👨‍✈️	おとこ|そうじゅうし|だんせい|だんせいぱいろっと|ぱいろっと		絵文字	1029
👨‍❤️‍👨	あつあつ|かっぷる|かっぷるとはーと|きねんび|こいびと|だんせい|だんせいとだんせいのかっぷる|はーと		絵文字	1028
👨‍❤️‍💋‍👨	かっぷる|きす|きねんび|だんせい|だんせいとだんせいできす|ちゅっ|はーと		絵文字	1027
👨‍🌾	おとこ|だんせい|のうか|のうかのだんせい|のうふ	farmer|gardener|man|man_farmer|rancher	農家の男性	1026
👨‍🍳	おとこ|こっく|しぇふ|だんせい|だんせいのこっく|りょうり|りょうりにん	chef|cook|man|man_cook	男性のコック	1025
👨‍🍼	あかちゃん|おとこ|しんせいじ|じゅにゅう|じゅにゅうするだんせい|だんせい|ちちおや|ぱぱ|ひと	baby|dad|father|feed|feeding|man|man_feeding_baby|nanny|newborn|nursing	授乳する男性	1024
👨‍🎓	おとこ|かくぼう|がくせい|そつぎょう|だんしがくせい|だんせい	graduate|man|man_student|student	男子学生	1023
👨‍🎤	あーてぃすと|えんたーていなー|おとこ|かしゅ|しんがー|すたー|だんせい|だんせいかしゅ|はいゆう|ろっくすたー	actor|entertainer|man|man_singer|rock|rockstar|singer|star	男性歌手	1022
👨‍🎨	あーてぃすと|おとこ|がか|げいじゅつか|だんせい|だんせいのげいじゅつか	artist|man|man_artist|palette	男性の芸術家	1021
👨‍🏫	おとこ|きょうし|きょうじゅ|こうし|せんせい|だんせい|だんせいのきょうし	instructor|lecturer|man|man_teacher|professor|teacher	男性の教師	1020
👨‍🏭	おとこ|こういん|だんせい|だんせいのようせつこう|ようせつ	assembly|factory|industrial|man|man_factory_worker|worker	男性の溶接工	1019
👨‍👦	おとこのこ|おやこ|かぞく|こども|だんせい|だんせいとおとこのこのかぞく		絵文字	1018
👨‍👦‍👦	おとこのこ|おやこ|かぞく|こども|だんせい|だんせいとおとこのことおとこのこのかぞく		絵文字	1017
👨‍👧	おやこ|おんなのこ|かぞく|こども|だんせい|だんせいとおんなのこのかぞく		絵文字	1016
👨‍👧‍👦	おとこのこ|おやこ|おんなのこ|かぞく|こども|だんせい|だんせいとおんなのことおとこのこのかぞく		絵文字	1015
👨‍👧‍👧	おやこ|おんなのこ|かぞく|こども|だんせい|だんせいとおんなのことおんなのこのかぞく		絵文字	1014
👨‍👨‍👦	おとこのこ|おやこ|かぞく|こども|だんせい|だんせいとだんせいとおとこのこのかぞく		絵文字	1013
👨‍👨‍👦‍👦	おとこのこ|おやこ|かぞく|こども|だんせい|だんせいとだんせいとおとこのことおとこのこのかぞく		絵文字	1012
👨‍👨‍👧	おやこ|おんなのこ|かぞく|こども|だんせい|だんせいとだんせいとおんなのこのかぞく		絵文字	1011
👨‍👨‍👧‍👦	おとこのこ|おやこ|おんなのこ|かぞく|こども|だんせい|だんせいとだんせいとおんなのことおとこのこのかぞく		絵文字	1010
👨‍👨‍👧‍👧	おやこ|おんなのこ|かぞく|こども|だんせい|だんせいとだんせいとおんなのことおんなのこのかぞく		絵文字	1009
👨‍👩‍👦	おとこのこ|おやこ|かぞく|こども|じょせい|だんせい|だんせいとじょせいとおとこのこのかぞく		絵文字	1008
👨‍👩‍👦‍👦	おとこのこ|おやこ|かぞく|こども|じょせい|だんせい|だんせいとじょせいとおとこのことおとこのこのかぞく		絵文字	1007
👨‍👩‍👧	おやこ|おんなのこ|かぞく|こども|じょせい|だんせい|だんせいとじょせいとおんなのこのかぞく		絵文字	1006
👨‍👩‍👧‍👦	おとこのこ|おやこ|おんなのこ|かぞく|こども|じょせい|だんせい|だんせいとじょせいとおんなのことおとこのこのかぞく		絵文字	1005
👨‍👩‍👧‍👧	おやこ|おんなのこ|かぞく|こども|じょせい|だんせい|だんせいとじょせいとおんなのことおんなのこのかぞく		絵文字	1004
👨‍💻	おとこ|かいはつしゃ|こんぴゅーた|だんせい|だんせいぎじゅつしゃ|でべろっぱ|ぱそこん|ぷろぐらま|ぷろぐらまー	coder|computer|developer|inventor|man|man_technologist|software|technologist	男性技術者	1003
👨‍💼	かいしゃいん|さらりーまん|だんせい|だんせいかいしゃいん|びじねすぱーそん|びじねすまん	architect|business|man|man_office_worker|manager|office|white-collar|worker	男性会社員	1002
👨‍🔧	おとこ|こうさく|すぱな|だんせい|だんせいのせいびし|でんきこう|はいかんこう|めかにっく	electrician|man|man_mechanic|mechanic|plumber|tradesperson	男性の整備士	1001
👨‍🔬	おとこ|かがくしゃ|だんせい|だんせいかがくしゃ	biologist|chemist|engineer|man|man_scientist|mathematician|physicist|scientist	男性科学者	1000
👨‍🚀	うちゅうひこうし|おとこ|だんせい|だんせいうちゅうひこうし	astronaut|man|man_astronaut|rocket|space	男性宇宙飛行士	999
👨‍🚒	おとこ|しょうぼうし|だんせい|だんせいしょうぼうし	fire|firefighter|firetruck|man|man_firefighter	男性消防士	998
👨‍🦯	あくせしびりてぃ|しかく|しょうがい|だんせい|つえをついただんせい|はくじょうをついただんせい|め	accessibility|blind|cane|man|man_with_white_cane|probing|white	杖をついた男性	997
👨‍🦰	あかげ|おとこ|おとな|かお|だんせい		絵文字	996
👨‍🦱	おとこ|おとな|かお|だんせい|まきげ		絵文字	995
👨‍🦲	おとこ|おとな|かお|だんせい|はげあたま		絵文字	994
👨‍🦳	おとこ|おとな|かお|しらが|だんせい		絵文字	993
👨‍🦼	あくせしびりてぃ|くるまいす|しょうがい|だんせい|でんどうくるまいすのだんせい	accessibility|man|man_in_motorized_wheelchair|motorized|wheelchair	電動車椅子の男性	992
👨‍🦽	あくせしびりてぃ|くるまいす|しゅどうしきくるまいすのだんせい|しょうがい|だんせい	accessibility|man|man_in_manual_wheelchair|manual|wheelchair	手動式車椅子の男性	991
👩	おとな|おんな|かお|じょせい|ぶろんど	adult|lady|woman	女性	990
👩‍⚕️	いし|いしゃ|おんな|じょい|じょせい|じょせいのいしゃ|せらぴすと|どくたー		絵文字	989
👩‍⚖️	おんな|さいばん|さいばんかん|じょせい|じょせいのさいばんかん		絵文字	988
👩‍✈️	おんな|じょせい|じょせいぱいろっと|そうじゅうし		絵文字	987
👩‍❤️‍👨	あつあつ|かっぷる|かっぷるとはーと|きねんび|こいびと|じょせい|じょせいとだんせいのかっぷる|だんせい|はーと		絵文字	986
👩‍❤️‍👩	あつあつ|かっぷる|かっぷるとはーと|きねんび|こいびと|じょせい|じょせいとじょせいのかっぷる|はーと		絵文字	985
👩‍❤️‍💋‍👨	かっぷる|きす|きねんび|じょせい|じょせいとだんせいできす|だんせい|ちゅっ|はーと		絵文字	984
👩‍❤️‍💋‍👩	かっぷる|きす|きねんび|じょせい|じょせいとじょせいできす|ちゅっ|はーと		絵文字	983
👩‍🌾	おんな|じょせい|のうか|のうかのじょせい	farmer|gardener|rancher|woman|woman_farmer	農家の女性	982
👩‍🍳	おんな|こっく|しぇふ|じょせい|じょせいのこっく|りょうり|りょうりにん	chef|cook|woman|woman_cook	女性のコック	981
👩‍🍼	あかちゃん|おんな|しんせいじ|じゅにゅう|じゅにゅうするじょせい|じょせい|ははおや|ひと|まま	baby|feed|feeding|mom|mother|nanny|newborn|nursing|woman|woman_feeding_baby	授乳する女性	980
👩‍🎓	おんな|かくぼう|がくせい|じょしがくせい|じょせい|そつぎょう	graduate|student|woman|woman_student	女子学生	979
👩‍🎤	あーてぃすと|えんたーていなー|おんな|かしゅ|しんがー|じょせい|じょせいかしゅ|すたー|はいゆう|ろっくすたー	actor|entertainer|rock|rockstar|singer|star|woman|woman_singer	女性歌手	978
👩‍🎨	あーてぃすと|おんな|がか|げいじゅつか|じょせい|じょせいのげいじゅつか|ぱれっと	artist|palette|woman|woman_artist	女性の芸術家	977
👩‍🏫	おんな|きょうし|きょうじゅ|こうし|じょせい|じょせいのきょうし|せんせい	instructor|lecturer|professor|teacher|woman|woman_teacher	女性の教師	976
👩‍🏭	おんな|こういん|じょせい|じょせいのようせつこう|ようせつ	assembly|factory|industrial|woman|woman_factory_worker|worker	女性の溶接工	975
👩‍👦	おとこのこ|おやこ|かぞく|こども|じょせい|じょせいとおとこのこのかぞく		絵文字	974
👩‍👦‍👦	おとこのこ|おやこ|かぞく|こども|じょせい|じょせいとおとこのことおとこのこのかぞく		絵文字	973
👩‍👧	おやこ|おんなのこ|かぞく|こども|じょせい|じょせいとおんなのこのかぞく		絵文字	972
👩‍👧‍👦	おとこのこ|おやこ|おんなのこ|かぞく|こども|じょせい|じょせいとおんなのことおとこのこのかぞく		絵文字	971
👩‍👧‍👧	おやこ|おんなのこ|かぞく|こども|じょせい|じょせいとおんなのことおんなのこのかぞく		絵文字	970
👩‍👩‍👦	おとこのこ|おやこ|かぞく|こども|じょせい|じょせいとじょせいとおとこのこのかぞく		絵文字	969
👩‍👩‍👦‍👦	おとこのこ|おやこ|かぞく|こども|じょせい|じょせいとじょせいとおとこのことおとこのこのかぞく		絵文字	968
👩‍👩‍👧	おやこ|おんなのこ|かぞく|こども|じょせい|じょせいとじょせいとおんなのこのかぞく		絵文字	967
👩‍👩‍👧‍👦	おとこのこ|おやこ|おんなのこ|かぞく|こども|じょせい|じょせいとじょせいとおんなのことおとこのこのかぞく		絵文字	966
👩‍👩‍👧‍👧	おやこ|おんなのこ|かぞく|こども|じょせい|じょせいとじょせいとおんなのことおんなのこのかぞく		絵文字	965
👩‍💻	おんな|かいはつしゃ|こんぴゅーた|じょせい|じょせいぎじゅつしゃ|でべろっぱ|ぱそこん|ぷろぐらま|ぷろぐらまー	coder|computer|developer|inventor|software|technologist|woman|woman_technologist	女性技術者	964
👩‍💼	おんな|おーる|かいしゃいん|さらりーまん|じょせい|じょせいかいしゃいん|びじねすぱーそん	architect|business|manager|office|white-collar|woman|woman_office_worker|worker	女性会社員	963
👩‍🔧	おんな|こうさく|じょせい|じょせいのせいびし|すぱな|でんきこう|はいかんこう|めかにっく	electrician|mechanic|plumber|tradesperson|woman|woman_mechanic	女性の整備士	962
👩‍🔬	おんな|かがくしゃ|じょせい|じょせいかがくしゃ	biologist|chemist|engineer|mathematician|physicist|scientist|woman|woman_scientist	女性科学者	961
👩‍🚀	うちゅうひこうし|おんな|じょせい|じょせいうちゅうひこうし	astronaut|rocket|space|woman|woman_astronaut	女性宇宙飛行士	960
👩‍🚒	おんな|しょうぼうし|じょせい|じょせいしょうぼうし	fire|firefighter|firetruck|woman|woman_firefighter	女性消防士	959
👩‍🦯	あくせしびりてぃ|しかく|しょうがい|じょせい|つえをついたじょせい|はくじょうをついたじょせい|め	accessibility|blind|cane|probing|white|woman|woman_with_white_cane	杖をついた女性	958
👩‍🦰	あかげ|おとな|おんな|かお|じょせい		絵文字	957
👩‍🦱	おとな|おんな|かお|じょせい|まきげ		絵文字	956
👩‍🦲	おとな|おんな|かお|じょせい|はげあたま		絵文字	955
👩‍🦳	おとな|おんな|かお|しらが|じょせい		絵文字	954
👩‍🦼	あくせしびりてぃ|くるまいす|しょうがい|じょせい|でんどうくるまいすのじょせい	accessibility|motorized|wheelchair|woman|woman_in_motorized_wheelchair	電動車椅子の女性	953
👩‍🦽	あくせしびりてぃ|くるまいす|しゅどうしきくるまいすのじょせい|しょうがい|じょせい	accessibility|manual|wheelchair|woman|woman_in_manual_wheelchair	手動式車椅子の女性	952
👪️	おやこ|かぞく|こども		家族	951
👫	いせい|おとこ|おんな|かっぷる|こいびと|じょせい|だんじょ|だんせい|てをつなぐだんじょ|ともだち|ふたり	bae|bestie|bff|couple|dating|flirt|friends|hand|hold|man|twins|woman|woman_and_man_holding_hands	手をつなぐ男女	950
👬	おとこ|かっぷる|きょうだい|こいびと|だんせい|てをつなぐだんせい|ともだち|どうせい|ふたご	bae|bestie|bff|boys|brothers|couple|dating|flirt|friends|hand|hold|men|men_holding_hands|twins	手をつなぐ男性	949
👭	おんな|かっぷる|こいびと|しまい|てをつなぐじょせい|ともだち|どうせい|ゆうじょう	bae|bestie|bff|couple|dating|flirt|friends|girls|hand|hold|sisters|twins|women|women_holding_hands	手をつなぐ女性	948
👮	おまわりさん|けいかん|けいさつ|けいさつかん|たいほする|ぽりす	apprehend|arrest|citation|cop|law|officer|over|police|police_officer|pulled|undercover	警察官	947
👮‍♀️	おまわりさん|けいかん|けいさつ|けいさつかん|じょせい|じょせいけいさつかん		絵文字	946
👮‍♂️	おまわりさん|けいかん|けいさつ|けいさつかん|だんせい|だんせいけいさつかん		絵文字	945
👯	あいかた|うさみみ|かお|しんゆう|ずっとも|そっくり|だんさー|ばにー|ぱーてぃ|ふたご|ぺあ	bestie|bff|bunny|counterpart|dancer|double|ear|identical|pair|party|partying|people|people_with_bunny_ears|soulmate|twin|twinsies	バニー	944
👯‍♀️	うさみみ|おんな|じょせい|だんさー|ばにーがーる|ぱーてぃー		絵文字	943
👯‍♂️	うさみみ|おとこ|しんゆう|だんさー|だんせい|ばにーぼーい|ぱーてぃー		絵文字	942
👰	うぇでぃんぐ|かお|けっこん|ひと|べーる|べーるのひと	person|person_with_veil|veil|wedding	ベールの人	941
👰‍♀️	おんな|じょせい|べーる|べーるのじょせい		絵文字	940
👰‍♂️	おとこ|だんせい|べーる|べーるのだんせい		絵文字	939
👱	かお|きんぱつ|きんぱつのひと|にんげん|ひと|ぶろんど	blond|blond-haired|human|person|person_blond_hair	金髪の人	938
👱‍♀️	おんな|きんぱつ|きんぱつのじょせい|じょせい|ぶろんど		絵文字	937
👱‍♂️	おとこ|きんぱつ|きんぱつのだんせい|だんせい|ぶろんど		絵文字	936
👲	おとこ|おわんぼう|かお|だんせい|ちゅうかぼうのだんせい	cap|chinese|gua|guapi|hat|mao|person|person_with_skullcap|pi|skullcap	中華帽の男性	935
👳	かお|たーばん|たーばんのひと|ぼうし	person|person_wearing_turban|turban|wearing	ターバンの人	934
👳‍♀️	おんな|じょせい|たーばん|たーばんのじょせい		絵文字	933
👳‍♂️	おとこ|たーばん|たーばんのだんせい|だんせい		絵文字	932
👴	うすげ|おじいさん|おじいちゃん|おとしより|かお|こうれいしゃ|だんせい|ろうじん	adult|bald|elderly|gramps|grandfather|grandpa|man|old|old_man|wise	おじいさん	931
👵	おとしより|おばあさん|おばあちゃん|かお|こうれいしゃ|じょせい|ぶろんど|ろうじん	adult|elderly|grandma|grandmother|granny|lady|old|old_woman|wise|woman	おばあさん	930
👶	あかちゃん|あかんぼう|かお|こども|しんせいじ|べびー	babies|baby|children|goo|infant|newborn|pregnant|young	赤ん坊	929
👷	かお|けんせつ|けんせつさぎょういん|こうじ|さぎょういん|はんまー|へるめっと	build|construction|construction_worker|fix|hardhat|hat|man|person|rebuild|remodel|repair|work|worker	建設作業員	928
👷‍♀️	おんな|けんせつ|こうじ|さぎょういん|じょせい|じょせいのけんせつさぎょういん|はんまー|へるめっと		絵文字	927
👷‍♂️	おとこ|けんせつ|こうじ|さぎょういん|だんせい|だんせいのけんせつさぎょういん|はんまー|へるめっと		絵文字	926
👸	おうじょ|おうひ|おひめさま|おんな|かお|かんむり|くいーん|じょうおう|じょせい|ぷりんせす	crown|fairy|fairytale|fantasy|princess|queen|royal|royalty|tale	プリンセス	925
👹	おに|おめん|かお|こわい|なまはげ|ばけもの	creature|devil|face|fairy|fairytale|fantasy|mask|monster|ogre|scary|tale	鬼	924
👺	いかり|おめん|かお|てんぐ	angry|creature|face|fairy|fairytale|fantasy|goblin|mask|mean|monster|tale	天狗	923
👻	おばけ|こわい|ごーすと|はろうぃーん|ゆうれい|ゆーれい	boo|creature|excited|face|fairy|fairytale|fantasy|ghost|halloween|haunting|monster|scary|silly|tale	お化け	922
👼	あかちゃんてんし|えんじぇる|えんぜる|かお|てんし	angel|baby|baby_angel|church|face|fairy|fairytale|fantasy|tale	天使	921
👽️	いせいじん|うちゅうじん|えいりあん|かお|ぐれい|ゆーふぉー		宇宙人	920
👾	いせいじん|いんべーだー|うちゅうじん|えいりあん|かお|げーむ|すぺーすいんべーだー|もんすたー	alien|alien_monster|creature|extraterrestrial|face|fairy|fairytale|fantasy|game|gamer|games|monster|pixelated|space|tale|ufo	インベーダー	919
👿	あくま|おこったあくま|かお|かんかん|げきど|つの|でびる	angry|angry_face_with_horns|demon|devil|evil|face|fairy|fairytale|fantasy|horns|imp|mischievous|purple|shade|tale	怒った悪魔	918
💀	かお|がいこつ|し|ししゃ|すかる|ずがいこつ|どくろ	body|dead|death|face|fairy|fairytale|im|lmao|monster|skull|tale|yolo	ドクロ	917
💁	あんない|あんないするおんな|あんないするひと|うけつけ|うけつけじょう|かみをかきあげる|かみをふりはらう|ごしっぷ|じぇすちゃー|てをかえしているひと	fetch|flick|flip|gossip|hand|person|person_tipping_hand|sarcasm|sarcastic|sassy|seriously|tipping|whatever	案内する人	916
💁‍♀️	あんない|あんないするおんな|おんな|じぇすちゃー|じょせい		絵文字	915
💁‍♂️	あんない|あんないするおとこ|おとこ|じぇすちゃー|だんせい		絵文字	914
💂	えいへい|かお|けいび|しゅえい|もんばん	buckingham|guard|helmet|london|palace	衛兵	913
💂‍♀️	えいへい|けいび|しゅえい|じょせい|じょせいのえいへい|もんばん		絵文字	912
💂‍♂️	えいへい|けいび|しゅえい|だんせい|だんせいのえいへい|もんばん		絵文字	911
💃	おどりこ|おどるおんな|おんな|さるさ|じょせい|たんご|だんさー|だんす|ふらめんこ	dance|dancer|dancing|elegant|festive|flair|flamenco|groove|lets|salsa|tango|woman|woman_dancing	踊る女	910
💄	くちべに|けしょう|けしょうひん|こすめ|めーく|りっぷ|りっぷすてぃっく	cosmetics|date|lipstick|makeup	口紅	909
💅	つめ|ねいる|まにきゅあ|まにきゅあをぬるて	bored|care|cosmetics|done|makeup|manicure|nail|nail_polish|polish|whatever	マニキュアを塗る手	908
💆	いやし|えすて|さろん|しじゅつ|すぱ|せらぴー|ふぇいすまっさーじ|ふぇいすまっさーじちゅうのひと|まっさーじ|りらっくす	face|getting|headache|massage|person|person_getting_massage|relax|relaxing|salon|soothe|spa|tension|therapy|treatment	フェイスマッサージ中の人	907
💆‍♀️	えすて|おんな|じょせい|ふぇいすまっさーじ|ふぇいすまっさーじちゅうのおんな|まっさーじ		絵文字	906
💆‍♂️	えすて|おとこ|かお|だんせい|ふぇいすまっさーじ|ふぇいすまっさーじちゅうのおとこ|まっさーじ|りらっくす		絵文字	905
💇	かっと|かみ|さんぱつ|さんぱつされるひと|とこや|びよういん|びようしつ|へあかっと|りよういん|りようしつ	barber|beauty|chop|cosmetology|cut|groom|hair|haircut|parlor|person|person_getting_haircut|shears|style	散髪される人	904
💇‍♀️	さんぱつされるおんな|じょせい|とこや|びよういん|びようしつ|へあかっと		絵文字	903
💇‍♂️	おとこ|かっと|さんぱつされるおとこ|だんせい|とこや|びよういん|びようしつ|へあかっと|りよういん|りようしつ		絵文字	902
💈	さんぱつ|とこや|ばーばー|びよういん|びようしつ|へあさろん|りはつてん|りよういん|りようしつ	barber|barber_pole|cut|fresh|haircut|pole|shave	床屋	901
💉	いしゃ|いりょうきぐ|くすり|ちゅうしゃ|ちゅうしゃき|はり|びょうき|よぼうせっしゅ	doctor|flu|medicine|needle|shot|sick|syringe|tool|vaccination	注射器	900
💊	いしゃ|かぜぐすり|かぷせる|くすり|びたみんざい|びょうき	doctor|drugs|medicated|medicine|pill|pills|sick|vitamin	薬	899
💋	きす|きすまーく|くちびる|せくしー|ちゅっ	dating|emotion|heart|kiss|kiss_mark|kissing|lips|mark|romance|sexy	キスマーク	898
💌	こいぶみ|てがみ|はーと|ばれんたいんでー|ふうとう|らぶれたー	heart|letter|love|love_letter|mail|romance|valentine	ラブレター	897
💍	こんやくゆびわ|じゅえりー|だいあ|だいや|だいやもんど|ゆびわ|りんぐ	diamond|engaged|engagement|married|ring|romance|shiny|sparkling|wedding	指輪	896
💎	じゅえりー|だいあ|だいや|だいやもんど|ほうせき	diamond|engagement|gem|gem_stone|jewel|money|romance|stone|wedding	宝石	895
💏	かっぷる|きす|きねんび|ちゅっ|はーと|ふたりできす	anniversary|babe|bae|couple|date|dating|heart|kiss|love|mwah|person|romance|together|xoxo	2人でキス	894
💐	しょくぶつ|はな|はなたば|ぶーけ	anniversary|birthday|bouquet|date|flower|love|plant|romance	花束	893
💑	あつあつ|かっぷる|かっぷるとはーと|きねんび|こいびと|はーと	anniversary|babe|bae|couple|couple_with_heart|dating|heart|kiss|love|person|relationship|romance|together|you	カップルとハート	892
💒	きょうかい|けっこん|けっこんしき|しきじょう|たてもの|ちゃぺる|れいはいどう|ろまんす	chapel|hitched|nuptials|romance|wedding	結婚式	891
💓	こどう|どうき|どきどき|どきどきするはーと|はーと	143|beating|beating_heart|cardio|emotion|heart|heartbeat|ily|love|pulsating|pulse	ドキドキするハート	890
💔	こわれたはーと|しつれん|はーと|はーとぶれいく|わかれ|わかれた|われたはーと	break|broken|broken_heart|crushed|emotion|heart|heartbroken|lonely|sad	割れたハート	889
💕	きねんび|でーと|はーと|ふたつのはーと|らぶ	143|anniversary|date|dating|emotion|heart|hearts|ily|kisses|love|loving|two|two_hearts|xoxo	2つのハート	888
💖	きらきら|きらきらはーと|はーと|ぴかぴかはーと	143|emotion|excited|good|heart|ily|kisses|morning|night|sparkle|sparkling|sparkling_heart|xoxo	きらきらハート	887
💗	おおきくなるはーと|ときめき|どきどき|はーと	143|emotion|excited|growing|growing_heart|heart|heartpulse|ily|kisses|muah|nervous|pulse|xoxo	大きくなるハート	886
💘	きゅーぴっど|はーと|はーとにや|はーとのや|や	143|adorbs|arrow|cupid|date|emotion|heart|heart_with_arrow|ily|love|romance|valentine	ハートに矢	885
💙	あお|あおいはーと|はーと	143|blue|blue_heart|emotion|heart|ily|love|romance	青いハート	884
💚	はーと|みどり|みどりのはーと	143|emotion|green|green_heart|heart|ily|love|romantic	緑のハート	883
💛	あい|きいろ|きいろいはーと|きいろのはーと|はーと	143|cardiac|emotion|heart|ily|love|yellow|yellow_heart	黄色のハート	882
💜	あい|はーと|むらさき|むらさきのはーと	143|bestest|emotion|heart|ily|love|purple|purple_heart	紫のハート	881
💝	きねんび|はーと|はーとにりぼん|ばれんたいん|ばれんたいんでー|りぼん	143|anniversary|emotion|heart|heart_with_ribbon|ily|kisses|ribbon|valentine|xoxo	ハートにリボン	880
💞	かいてんするはーと|かわいい|はーと	143|adorbs|anniversary|emotion|heart|hearts|revolving|revolving_hearts	回転するハート	879
💟	しろいはーと|はーと|はーとでこ|はーとでこれーしょん|むらさきのはーと	143|decoration|emotion|heart|heart_decoration|hearth|purple|white	ハートデコ	878
💠	かわいい|だいあ|だいや|どっとつきひしがた|ひしがた	comic|diamond|diamond_with_a_dot|dot|geometric	ドット付きひし形	877
💡	あかり|でんきゅう|ひらめき|ぴこーん|まんが	bulb|comic|electric|idea|light|light_bulb	電球	876
💢	いかり|いかりまーく|おこった|まんが|むかっ	anger|anger_symbol|angry|comic|mad|symbol|upset	むかっ	875
💣️	きけん|ばくだん|ばくはつ		爆弾	874
💤	いびき|おやすみ|ぐーぐー|しゅうしんちゅう|ねる|まんが	comic|good|goodnight|night|sleep|sleeping|sleepy|tired|zzz	グーグー	873
💥	しょうげき|しょうとつ|どんっ|ばくはつ|ぼんっ|まんが	bomb|boom|collide|collision|comic|explode	衝突	872
💦	あせ|あせあせ|しずく|すいてき	comic|drip|droplet|droplets|drops|splashing|squirt|sweat|sweat_droplets|water|wet|work|workout	あせあせ	871
💧	あせ|しずく|すいてき|たらーっ|なみだ|みず	cold|comic|drop|droplet|nature|sad|sweat|tear|water|weather	水滴	870
💨	いそぐ|いそげ|だっしゅ|にげる|はしる|まんが	away|cloud|comic|dash|dashing|dashing_away|fart|fast|go|gone|gotta|running|smoke	ダッシュ	869
💩	うんこ|うんち|かお|くさい	bs|comic|doo|dung|face|fml|monster|pile|pile_of_poo|poo|poop|smelly|smh|stink|stinks|stinky|turd	うんち	868
💪	うで|きんとれ|きんにく|ちからこぶ|ぼでぃびる|むきむき	arm|beast|bench|biceps|bodybuilder|bro|curls|flex|flexed_biceps|gains|gym|jacked|muscle|press|ripped|strong|weightlift	力こぶ	867
💫	きらきら|くらくら|ながれぼし|ほし|めがまわる	comic|dizzy|shining|shooting|star|stars	くらくら	866
💬	かいわ|かいわのふきだし|せりふ|とーく|ふきだし|まんが|めっせーじ	balloon|bubble|comic|dialog|message|sms|speech|speech_balloon|talk|text|typing	会話の吹き出し	865
💭	かんがえごと|くうそう|くも|くもがたのふきだし|ふきだし|まんが|もくもく	balloon|bubble|cartoon|cloud|comic|daydream|decisions|dream|idea|invent|invention|realize|think|thought_balloon|thoughts|wonder	雲形の吹き出し	864
💮	たいへんよくできました|はな|はなまる|よくできました	flower|white|white_flower	大変よくできました	863
💯	ぜんもんせいかい|ひゃくてんまんてん|まんてん	100|a+|agree|clearly|definitely|faithful|fleek|full|hundred|hundred_points|keep|perfect|point|score|true|truth|yup	100点満点	862
💰️	おかね|かけきん|かねぶくろ|かねもち|きゃっしゅ|きんぶくろ|ぎんこう|げんきん|しょうきん|どる|どるぶくろ		ドル袋	861
💱	えん|えんどる|おかね|がいかりょうがえ|つうか|どる|どるえん|りょうがえ	bank|currency|currency_exchange|exchange|money	外貨両替	860
💲	おかね|つうか|どる|どるきごう	billion|cash|charge|currency|dollar|heavy|heavy_dollar_sign|million|money|pay|sign	ドル記号	859
💳️	おかね|かーど|きゃっしゅかーど|ぎんこう|くれじっとかーど|しはらい		クレジットカード	858
💴	えん|えんさつ|おかね|おさつ|こぎって|さつたば|しへい|つうか|ゆうりょう	bank|banknote|bill|currency|money|note|yen|yen_banknote	円札	857
💵	おかね|おさつ|さつたば|しへい|つうか|どる|どるさつ	bank|banknote|bill|currency|dollar|dollar_banknote|money|note	ドル札	856
💶	おかね|おさつ|さつたば|しへい|つうか|ゆーろ|ゆーろさつ	100|bank|banknote|bill|currency|euro|euro_banknote|money|note|rich	ユーロ札	855
💷	おかね|おさつ|げんきん|さつたば|しへい|つうか|ぽんど|ぽんどさつ	bank|banknote|bill|billion|cash|currency|money|note|pound|pound_banknote|pounds	ポンド札	854
💸	おかね|おさつ|さつたば|しはらい|しへい|どる|はねがはえたおかね	bank|banknote|bill|billion|cash|dollar|fly|million|money|money_with_wings|note|pay|wings	羽が生えたお金	853
💹	いちば|えん|えんだか|かぶ|かぶか|かわせ|ぐらふ|ちゃーと	bank|chart|chart_increasing_with_yen|currency|graph|growth|increasing|market|money|rise|trend|upward|yen	為替	852
💺	いす|ざせき|しーと|せき	chair|seat	座席	851
💻️	こんぴゅーた|こんぴゅーたー|のーとぱそこん|ぱそこん|らっぷとっぷ		パソコン	850
💼	かばん|ぶりーふけーす	briefcase|office	ブリーフケース	849
💽	えむおー|えむでぃー|こんぴゅーたー|みにでぃすく	computer|computer_disk|disk|minidisk|optical	MD	848
💾	えふでぃー|こんぴゅーたー|でぃすく|ふろっぴー|ふろっぴーでぃすく	computer|disk|floppy|floppy_disk	フロッピー	847
💿️	こんぴゅーたー|しーでぃー|でぃすく|ひかりでぃすく|ぶるれい|ぶるーれい		CD	846
📀	しーでぃー|でぃすく|ぶるれい|ぶるーれい	blu-ray|cd|computer|disk|dvd|optical	DVD	845
📁	ふぁいる|ふぉるだー|ぶんぐ|ぶんぼうぐ	file|file_folder|folder	フォルダー	844
📂	ひらいたふぉるだー|ひらく|ふぁいる|ふぉるだー|ぶんぐ|ぶんぼうぐ	file|folder|open|open_file_folder	開いたフォルダー	843
📃	かーる|しょるい|どきゅめんと|ぶんしょ|まきぺーじ	curl|document|page|page_with_curl|paper	巻きページ	842
📄	しょるい|どきゅめんと|ぶんしょ|ぺーじ	document|facing|page|page_facing_up|paper|up	ページ	841
📅	かれんだー|すけじゅーる|ひづけ|よてい	calendar|date	カレンダー	840
📆	かれんだー|すけじゅーる|ひづけ|ひめくり|ひめくりかれんだー|よてい	calendar|tear-off|tear-off_calendar	日めくりカレンダー	839
📇	かーどいんでっくす|ぶんぐ|ぶんぼうぐ|めいしほるだー|ろーろでっくす	card|card_index|index|old|rolodex|school	カードインデックス	838
📈	うえむき|うわむき|おれせんぐらふ|ぐらふ|ぐらふうえむき|じょうしょう|せいちょう|ちゃーと|でーた|みぎかたあがり	chart|chart_increasing|data|graph|growth|increasing|right|trend|up|upward	グラフ上向き	837
📉	おれせんぐらふ|かこう|ぐらふ|ぐらふしたむき|したむき|ちゃーと|でーた|みぎかたさがり	chart|chart_decreasing|data|decreasing|down|downward|graph|negative|trend	グラフ下向き	836
📊	ぐらふ|ちゃーと|でーた|ぼうぐらふ	bar|bar_chart|chart|data|graph	棒グラフ	835
📋️	くりっぷ|くりっぷぼーど|ぶんぐ|ぶんぼうぐ|めも		クリップボード	834
📌	おしぴん|がびょう|ぴん|ぶんぐ|ぶんぼうぐ|ぷっしゅぴん	collage|pin|pushpin	押しピン	833
📍	おしぴん|がびょう|ちず|ぴん|ぶんぐ|ぶんぼうぐ|ぷっしゅぴん|まるいおしぴん	location|map|pin|pushpin|round|round_pushpin	丸い押しピン	832
📎	かみくりっぷ|くりっぷ|ぜむくりっぷ|ぶんぐ|ぶんぼうぐ|ぺーぱーくりっぷ	paperclip	クリップ	831
📏	じょうぎ|ちょくじょうぎ|ぶんぐ|ぶんぼうぐ|ものさし	angle|edge|math|ruler|straight|straight_ruler|straightedge	定規	830
📐	さんかくじょうぎ|じょうぎ|ぶんぐ|ぶんぼうぐ	angle|math|rule|ruler|set|slide|triangle|triangular|triangular_ruler	三角定規	829
📑	ふせん|ぶんぐ|ぶんぼうぐ|ぺーじにふせん|ぺーじまーく|まーく	bookmark|bookmark_tabs|mark|marker|tabs	ページに付箋	828
📒	だいちょう|のーと|ぶんぐ|ぶんぼうぐ|りんぐのーと	ledger|notebook	リングノート	827
📓	てちょう|のーと|ぶんぐ|ぶんぼうぐ	notebook	ノート	826
📔	がっこう|のーと|ひょうしつきのーと|ぶんぐ|ぶんぼうぐ|ほん	book|cover|decorated|decorative|education|notebook|notebook_with_decorative_cover|school|writing	表紙付きノート	825
📕	あかいほん|しょせき|とじたほん|ぶんぼうぐ|ほん	book|closed|closed_book|education	閉じた本	824
📖	しょうせつ|しょせき|ちしき|としょかん|どくしょ|ひらいたほん|ぶんぼうぐ|ほん	book|education|fantasy|knowledge|library|novels|open|open_book|reading	開いた本	823
📗	しょせき|としょかん|どくしょ|ぶんぼうぐ|ほん|みどりのほん	book|education|fantasy|green|green_book|library|reading	緑の本	822
📘	あおいほん|あおのほん|しょせき|としょかん|どくしょ|ぶんぼうぐ|ほん	blue|blue_book|book|education|fantasy|library|reading	青の本	821
📙	おれんじのほん|しょせき|としょかん|どくしょ|ぶんぼうぐ|ほん	book|education|fantasy|library|orange|orange_book|reading	オレンジの本	820
📚️	がっこう|しょうせつ|しょせき|どくしょ|ぶんぼうぐ|べんきょう|ほん|ほんのやま		本	819
📛	なふだ|ばっじ|ほいくえん|ほいくしょ|ようちえん	badge|name|name_badge	名札	818
📜	かみ|しょるい|すくろーる|ぶんしょ|ぶんぼうぐ|まきもの	paper|scroll	巻き物	817
📝	えんぴつ|えんぴつとめも|かみとえんぴつ|ぶんぐ|ぶんぼうぐ|めも	communication|media|memo|notes|pencil	鉛筆とメモ	816
📞	こき|じゅわき|でんわ	communication|phone|receiver|telephone|telephone_receiver|voip	受話器	815
📟️	ぺーじゃー|ぽけっとべる|ぽけべる		ポケベル	814
📠	でんわ|ふぁっくす|ふくごうき	communication|fax|fax_machine|machine	ファックス	813
📡	あんてな|えいせいあんてな|かがく|でんぱ|ぱらぼら|ぱらぼらあんてな	aliens|antenna|contact|dish|satellite|satellite_antenna|science	パラボラアンテナ	812
📢	かくせいき|すぴーかー|ほうそう|めがほん	address|communication|loud|loudspeaker|public|sound	拡声器	811
📣	おうえん|かくせいき|すぴーかー|めがほん	cheering|megaphone|sound	メガホン	810
📤️	いーめーる|そうしん|そうしんとれい|そうしんばこ|でんしめーる|とれい|はこ|めーる		送信BOX	809
📥️	いーめーる|じゅしん|じゅしんとれい|じゅしんなし|じゅしんばこ|でんしめーる|とれい|はこ|めーる		受信BOX	808
📦️	こづつみ|たくはいびん|たっきゅうびん|だんぼーる|にもつ|はいそう|はいたつ|はこ|ぱっく|ぱっけーじ		段ボール	807
📧	いーめーる|てがみ|でんしめーる|ふうとう|めーる|ゆうびん	e-mail|email|letter|mail	Eメール	806
📨	いーめーる|じゅしん|じゅしんする|じゅしんちゅう|じゅしんばこ|てがみ|でんしめーる|ふうとう|めーる|めーるじゅしんちゅう	delivering|e-mail|email|envelope|incoming|incoming_envelope|letter|mail|receive|sent	メール受信中	805
📩	いーめーる|じゅしん|そうしん|そうしんする|でんしめーる|ふうとうとやじるし|めーる|めーるじゅしん|めーるする|めーるそうしん	arrow|communication|down|e-mail|email|envelope|envelope_with_arrow|letter|mail|outgoing|send|sent	メール受信	804
📪️	てがみなし|とじた|とじたゆうびんうけ|はたつきぽすと|ぽすと|めーる|ゆうびん|ゆうびんうけ|ゆうびんばこ		郵便受け	803
📫️	てがみあり|とじた|とじたゆうびんうけ|はたつきぽすと|ぽすと|めーる|ゆうびん|ゆうびんうけ|ゆうびんばこ		郵便受け	802
📬️	てがみあり|ひらいた|ひらいたゆうびんうけ|ぽすと|ゆうびんうけ|ゆうびんばこ		絵文字	801
📭️	てがみなし|ひらいた|ひらいたゆうびんうけ|ぽすと|ゆうびんうけ|ゆうびんばこ		絵文字	800
📮	てがみ|ぽすと|ゆうびん|ゆうびんばこ|ゆうびんぽすと	mail|mailbox|postbox	郵便ポスト	799
📯	ゆうびん|ゆうびんらっぱ|らっぱ	horn|post|postal|postal_horn	郵便ラッパ	798
📰	しんぶん|しんぶんし|にゅーす	communication|news|newspaper|paper	新聞	797
📱	けいたい|けいたいでんわ|すまほ|すまーとふぉん|もばいる	cell|communication|mobile|mobile_phone|phone|telephone	携帯電話	796
📲	けいたい|けいたいじゅしん|けいたいでんわ|じゅしん|すまほ|すまーとふぉん|ちゃくしんちゅう|でんわ|でんわはっしん|もばいる	arrow|build|call|cell|communication|mobile|mobile_phone_with_arrow|phone|receive|telephone	着信中	795
📳	けいたい|けいたいでんわ|すまほ|すまーとふぉん|まなーもーど	cell|communication|mobile|mode|phone|telephone|vibration|vibration_mode	マナーモード	794
📴	おふ|けいたい|けいたいでんわ|けいたいでんわでんげんおふ|すまほ|すまーとふぉん|でんげんおふ	cell|mobile|mobile_phone_off|off|phone|telephone	携帯電話電源オフ	793
📵	けいたいきんし|けいたいでんわきんし|すまほきんし|すまーとふぉんきんし	cell|forbidden|mobile|no|no_mobile_phones|not|phone|phones|prohibited|telephone	携帯電話禁止	792
📶	あんてなまーく|けいたい|けいたいでんわ|けんない|すまほ|すまーとふぉん|でんぱ	antenna|antenna_bars|bar|bars|cell|communication|mobile|phone|signal|telephone	アンテナマーク	791
📷️	かめら|しゃしん		カメラ	790
📸	かめら|かめらふらっしゅ|しゃしん|ふらっしゅ|ふらっしゅをたいているかめら	camera|camera_with_flash|flash|video	フラッシュを焚いているカメラ	789
📹️	かめら|どうが|びでお|びでおかめら|むーびー|ろくが		カメラ	788
📺️	てれび|びでお		テレビ	787
📻️	おんがく|じゅしんき|ほうそう|らじお		ラジオ	786
📼	てーぷ|どうが|びでお|びでおかせっと|びでおてーぷ	old|school|tape|vcr|vhs|video|videocassette	ビデオテープ	785
📽️	えいが|えいしゃき|びでお|ふぃるむ|ぷろじぇくたー|むーびー		絵文字	784
📿	いのる|しゅうきょう|じゅず|ねっくれす|ねんじゅ|ろざりお	beads|clothing|necklace|prayer|prayer_beads|religion	数珠	783
🔀	こうさ|しゃっふる|しゃっふるぼたん|ぼたん|やじるし	arrow|button|crossed|shuffle|shuffle_tracks_button|tracks	シャッフルボタン	782
🔁	くりかえし|ぜんきょく|とけいまわり|ぼたん|やじるし|りぴーと|りぴーとぼたん	arrow|button|clockwise|repeat|repeat_button	リピートボタン	781
🔂	くりかえし|とけいまわり|ぼたん|やじるし|りぴーと	arrow|button|clockwise|once|repeat|repeat_single_button|single	1曲リピートボタン	780
🔃	くりかえし|さいよみこみ|とけいまわり|みぎまわり|みぎまわりたてやじるし|やじるし|りろーど	arrow|arrows|clockwise|clockwise_vertical_arrows|refresh|reload|vertical	右回り縦矢印	779
🔄	ぎゃくまわり|くりかえし|こうしん|はんとけいまわり|ひだりまわりやじるし|やじるし|りぴーと	again|anticlockwise|arrow|arrows|button|counterclockwise|counterclockwise_arrows_button|deja|refresh|rewindershins|vu	左回り矢印	778
🔅	あかるさ|きど|くらい|ていきど|ぶらいとねす	brightness|button|dim|dim_button|low	低輝度	777
🔆	あかるい|あかるさ|きど|こうきど|ぶらいとねす	bright|bright_button|brightness|button|light	高輝度	776
🔇	おとなし|しょうおん|すぴーかー|すぴーかーしょうおん|みゅーと|むおん	mute|muted|muted_speaker|quiet|silent|sound|speaker	スピーカー消音	775
🔈️	おんりょう|すぴーかー|ぼりゅーむ		絵文字	774
🔉	おんりょう|おんりょうしょう|すぴーかー|すぴーかーおんりょうしょう|ぼりゅーむ	medium|sound|speaker|speaker_medium_volume|volume	スピーカー音量小	773
🔊	おんりょう|おんりょうだい|すぴーかー|すぴーかーおんりょうだい|だいおんりょう|ぼりゅーむ	high|loud|music|sound|speaker|speaker_high_volume|volume	スピーカー音量大	772
🔋	かんでんち|でんち|ばってりー	battery	電池	771
🔌	こんせんと|でんき|でんげん|ぷらぐ	electric|electric_plug|electricity|plug	コンセント	770
🔍️	かがく|かくだいきょう|けんさく|むしめがね|むしめがねひだり|るーぺ		虫眼鏡	769
🔎	かがく|かくだいきょう|けんさく|しょうさい|むしめがね|むしめがねみぎ|るーぺ	contact|glass|lab|magnifying|magnifying_glass_tilted_right|right|right-pointing|science|search|tilted|tool	虫眼鏡右	768
🔏	かぎ|とじたじょうとぺん|なんきんじょう|ぷらいばしー|ろっく	ink|lock|locked|locked_with_pen|nib|pen|privacy	閉じた錠とペン	767
🔐	あんぜん|かぎ|きー|じょう|せきゅりてぃ|とじたじょうとかぎ|なんきんじょう|ろっく|ろっくかくにん	bike|closed|key|lock|locked|locked_with_key|secure	閉じた錠と鍵	766
🔑	かいじょう|かぎ|きー|ぱすわーど	key|keys|lock|major|password|unlock	鍵	765
🔒️	かぎ|じょう|せじょう|とじたじょう|なんきんじょう|ろっく|ろっくおん		鍵	764
🔓️	かいじょう|かぎ|じょう|なんきんじょう|ひらいたじょう|ろっく|ろっくおふ		鍵	763
🔔	かね|きょうかい|すず|ちゃぺる|べる	bell|break|church|sound	ベル	762
🔕	おとなし|かね|しょうおん|すず|べるしょうおん|みゅーと	bell|bell_with_slash|forbidden|mute|no|not|prohibited|quiet|silent|slash|sound	ベル消音	761
🔖	しおり|たぐ|ふせん|ぶっくまーく	bookmark|mark	しおり	760
🔗	たまき|りんく|りんくしんぼる	link|links	リンクシンボル	759
🔘	にじゅうまる|ぼたん|らじおぼたん	button|geometric|radio|radio_button	ラジオボタン	758
🔙	ばっく|もどる|やじるし	arrow|back|back_arrow	BACK矢印	757
🔚	えんど|おわり|やじるし	arrow|end|end_arrow	END矢印	756
🔛	おん|やじるし	arrow|mark|on|on_arrow	ON矢印	755
🔜	すぐ|すーん|やじるし	arrow|brb|omw|soon|soon_arrow	SOON矢印	754
🔝	うえ|とっぷ|やじるし	arrow|homie|top|top_arrow|up	TOP矢印	753
🔞	きんし|ねんれいせいげん|みせいねん	18|age|eighteen|forbidden|no|no_one_under_eighteen|not|one|prohibited|restriction|underage	18歳未満禁止	752
🔟	かこみすうじ		10	751
🔠	あるふぁべっと|えいおおもじのにゅうりょく|えいじ|おおもじ|だいもんじ|にゅうりょく|ろーまじ	abcd|input|input_latin_uppercase|latin|letters|uppercase	英大文字の入力	750
🔡	あるふぁべっと|えいこもじのにゅうりょく|えいじ|こもじ|にゅうりょく|ろーまじ	abcd|input|input_latin_lowercase|latin|letters|lowercase	英小文字の入力	749
🔢	すうじ|すうじのにゅうりょく|にゅうりょく	1234|input|input_numbers|numbers	数字の入力	748
🔣	きごう|きごうのにゅうりょく|にゅうりょく	input|input_symbols|symbols	記号の入力	747
🔤	あるふぁべっと|えいご|えいじ|えいじのにゅうりょく|えいびーしー|にゅうりょく|ろーまじ	abc|alphabet|input|input_latin_letters|latin|letters	英字の入力	746
🔥	あつい|ひ|ふぁいあー|ふぁいやー|ほのお|もえる	af|burn|fire|flame|hot|lit|litaf|tool	火	745
🔦	あかり|かいちゅうでんとう|でんとう|らいと	electric|flashlight|light|tool|torch	懐中電灯	744
🔧	こうぐ|すぱな|れんち	home|improvement|spanner|tool|wrench	レンチ	743
🔨	かなづち|こうぐ|とんかち|はんまー	hammer|home|improvement|repairs|tool	ハンマー	742
🔩	こうぐ|なっと|ぼると|ぼるととなっと	bolt|home|improvement|nut|nut_and_bolt|tool	ボルトとナット	741
🔪	きょうき|ちょうりきぐ|ないふ|ほうちょう|りょうり	chef|cooking|hocho|kitchen|kitchen_knife|knife|tool|weapon	包丁	740
🔫	けんじゅう|じゅう|ぴすとる|ぶき|みずでっぽう|りぼるばー	gun|handgun|pistol|revolver|tool|water|water_pistol|weapon	水鉄砲	739
🔬	かがく|けんきゅう|けんびきょう|さいえんす|じっけん	experiment|lab|microscope|science|tool	顕微鏡	738
🔭	かがく|かんそく|さいえんす|てんたいかんそく|ぼうえんきょう	contact|extraterrestrial|science|telescope|tool	望遠鏡	737
🔮	うらない|うんめい|くりすたる|すいしょう|すいしょうきゅう|すいしょうだま|たま|まほう	ball|crystal|crystal_ball|fairy|fairytale|fantasy|fortune|future|magic|tale|tool	水晶玉	736
🔯	うらない|だびで|ほし|ゆだやきょう|ろくぼうせい|ろっかくせい	dotted|dotted_six-pointed_star|fortune|jewish|judaism|six-pointed|star	六芒星	735
🔰	しょしんしゃ|しょしんしゃまーく|はつ|わかばまーく	beginner|chevron|green|japanese|japanese_symbol_for_beginner|leaf|symbol|tool|yellow	初心者マーク	734
🔱	いかり|うみ|えんぶれむ|とらいでんと|みつまた	anchor|emblem|poseidon|ship|tool|trident|trident_emblem	トライデント	733
🔲	くろわくしかく|しかく|しかくぼたん|せいほうけい|ぼたん	black|black_square_button|button|geometric|square	黒枠四角	732
🔳	しかく|しかくぼたん|しろわくしかく|せいほうけい|ぼたん	button|geometric|outlined|square|white|white_square_button	白枠四角	731
🔴	あか|あかいまる|おおきいまる|おおまる|まる|まるいぼたん	circle|geometric|red|red_circle	赤い丸	730
🔵	あお|あおいまる|おおきいまる|おおまる|まる|まるいぼたん	blue|blue_circle|circle|geometric	青い丸	729
🔶	おおきいおれんじのひしがた|おおきいひしがた|おれんじ|しかく|だいあ|だいや|ひしがた	diamond|geometric|large|large_orange_diamond|orange	大きいオレンジのひし形	728
🔷	あお|おおきいあおのひしがた|おおきいひしがた|しかく|だいあ|だいや|ひしがた	blue|diamond|geometric|large|large_blue_diamond	大きい青のひし形	727
🔸	おれんじ|しかく|だいあ|だいや|ちいさいおれんじのひしがた|ちいさいひしがた|ひしがた	diamond|geometric|orange|small|small_orange_diamond	小さいオレンジのひし形	726
🔹	あお|しかく|だいあ|だいや|ちいさいあおのひしがた|ちいさいひしがた|ひしがた	blue|diamond|geometric|small|small_blue_diamond	小さい青のひし形	725
🔺	あか|あかいうえさんかく|うえ|うえむきさんかく|さんかく	geometric|pointed|red|red_triangle_pointed_up|triangle|up	赤い上三角	724
🔻	あか|あかいしたさんかく|さんかく|した|したむきさんかく	down|geometric|pointed|red|red_triangle_pointed_down|triangle	赤い下三角	723
🔼	うえ|うえぼたん|うえむきさんかく|さんかく|ぼたん|やじるし	arrow|button|red|up|upwards|upwards_button	上ボタン	722
🔽	さんかく|した|したぼたん|したむきさんかく|ぼたん|やじるし	arrow|button|down|downwards|downwards_button|red	下ボタン	721
🕉️	おーむ|しゅうきょう|ひんずーきょう|ひんどぅーきょう		絵文字	720
🕊️	とり|どうぶつ|はと|へいわ		絵文字	719
🕋	いすらむきょう|かーば|しゅうきょう|じゅんれい|せいち|たてもの|めっか	hajj|islam|kaaba|muslim|religion|umrah	カーバ	718
🕌	いすらむきょう|しゅうきょう|たてもの|もすく	islam|masjid|mosque|muslim|religion	モスク	717
🕍	しなごーぐ|しゅうきょう|たてもの|ゆだやきょう	jew|jewish|judaism|religion|synagogue|temple	シナゴーグ	716
🕎	しゅうきょう|しょくだい|はぬかー|めのらー|めのーらー|ゆだやきょう	candelabrum|candlestick|hanukkah|jewish|judaism|menorah|religion	メノーラー	715
🕐️	いちじ|とけい		時計	714
🕑️	とけい|にじ		時計	713
🕒️	さんじ|とけい		時計	712
🕓️	とけい|よじ		時計	711
🕔️	ごじ|とけい		時計	710
🕕️	とけい|ろくじ		時計	709
🕖️	しちじ|とけい|ななじ		時計	708
🕗️	とけい|はちじ		時計	707
🕘️	くじ|とけい		時計	706
🕙️	じゅうじ|とけい|めざまし		時計	705
🕚️	じゅういちじ|とけい		時計	704
🕛️	しょうご|じゅうにじ|とけい|れいじ		時計	703
🕜️	とけい		絵文字	702
🕝️	とけい		絵文字	701
🕞️	とけい		絵文字	700
🕟️	とけい		絵文字	699
🕠️	とけい		絵文字	698
🕡️	とけい		絵文字	697
🕢️	とけい		絵文字	696
🕣️	とけい		絵文字	695
🕤️	とけい		絵文字	694
🕥️	とけい		絵文字	693
🕦️	とけい		絵文字	692
🕧️	とけい		絵文字	691
🕯️	あかり|きゃんどる|ろうそく		絵文字	690
🕰️	おきどけい|じかん|とけい|まんてるくろっく		絵文字	689
🕳️	あな		絵文字	688
🕴️	ういてるびじねすまん|おとこ|くうちゅうふゆう|すーつ|だんせい|びじねすまん		絵文字	687
🕵️	しりつたんてい|すぱい|たんてい|むしめがね		絵文字	686
🕵️‍♀️	おんな|しりつたんてい|じょせい|じょせいのたんてい|たんてい|むしめがね		絵文字	685
🕵️‍♂️	おとこ|たんてい|だんせい|だんせいのたんてい|むしめがね		絵文字	684
🕶️	さんぐらす|めがね		絵文字	683
🕷️	くも|すぱいだー|むし		絵文字	682
🕸️	うぇぶ|くも|くものす|すぱいだー		絵文字	681
🕹️	げーむ|こんとろーら|じょいすてぃっく|すてぃっく|てれびげーむ|びでおげーむ		絵文字	680
🕺	おとこ|おどるおとこ|さるさ|たんご|だんさー|だんす|だんせい|ふらめんこ	dance|dancer|dancing|elegant|festive|flair|flamenco|groove|lets|man|man_dancing|salsa|tango	踊る男	679
🖇️	かみくりっぷ|くりっぷ|つながったくりっぷ|ぶんぐ|ぶんぼうぐ|ぺーぱーくりっぷ		絵文字	678
🖊️	ぶんぐ|ぶんぼうぐ|ぺん|ぼーるぺん		絵文字	677
🖋️	ぶんぐ|ぶんぼうぐ|ぺん|まんねんひつ		絵文字	676
🖌️	えのぐ|えふで|ぶんぐ|ぶんぼうぐ		絵文字	675
🖍️	くれよん|ぶんぐ|ぶんぼうぐ		絵文字	674
🖐️	きょしゅ|すとっぷ|て|ぱー|ひらいたて		絵文字	673
🖕	うえ|たてたなかゆび|て|なかゆび|ゆび|ゆびさし	finger|hand|middle|middle_finger	立てた中指	672
🖖	て|ばるかんさいん|ばるかんじん|ばるかんのあいさつ	finger|hand|hands|salute|vulcan|vulcan_salute	バルカンの挨拶	671
🖤	あくい|くろ|くろいはーと|はーと	black|black_heart|evil|heart|wicked	黒いハート	670
🖥️	こんぴゅーたー|ですくとっぷ|ですくとっぷぱそこん|ぱそこん|もにたー		絵文字	669
🖨️	いんさつき|こぴーき|こんぴゅーたー|ふくごうき|ぷりんた|ぷりんたー		絵文字	668
🖱️	こんぴゅーたー|ぱそこん|まうす		絵文字	667
🖲️	こんぴゅーたー|とらっくぼーる|ぱそこん		絵文字	666
🖼️	あーと|え|かいが|がく|げいじゅつ|びじゅつかん		絵文字	665
🗂️	いんでっくす|かーどふぉるだー|ふぉるだー|ぶんぐ|ぶんぼうぐ		絵文字	664
🗃️	かーど|かーどふぁいるぼっくす|はこ|ふぁいる|ぶんぐ|ぶんぼうぐ|ぼっくす		絵文字	663
🗄️	きゃびねっと|ひきだし|ふぁいる|ふぁいるきゃびねっと		絵文字	662
🗑️	くずかご|ごみかご|ごみばこ		絵文字	661
🗒️	のーと|ぶんぐ|ぶんぼうぐ|めもちょう|りんぐめも		絵文字	660
🗓️	かれんだー|すけじゅーる|つきめくりかれんだー|ひづけ|よてい		絵文字	659
🗜️	くらんぷ|こうぐ|ばいす|まんりき		絵文字	658
🗝️	かぎ|きー|てがかり|ぱすわーど|ふるいかぎ		絵文字	657
🗞️	しんぶん|しんぶんし|にゅーす|まるめたしんぶん		絵文字	656
🗡️	たんけん|たんとう|だがー|ないふ|ぶき		絵文字	655
🗣️	かお|しるえっと|はなす|はなすひとのしるえっと		絵文字	654
🗨️	かいわ|せりふ|ふきだし|ふきだしひだり		絵文字	653
🗯️	いかり|いかりのふきだし|ふきだし		絵文字	652
🗳️	せんきょ|とうひょう|とうひょうばこ		絵文字	651
🗺️	せかい|せかいちず|ちず|まっぷ		絵文字	650
🗻	ふじさん|やま	fuji|mount|mount_fuji|mountain|nature	富士山	649
🗼	たわー|とう|とうきょう|とうきょうたわー	tokyo|tokyo_tower|tower	東京タワー	648
🗽	あめりか|じゆうのめがみ|ちょうぞう|にゅーよーく|めがみ	liberty|new|ny|nyc|statue|statue_of_liberty|york	自由の女神	647
🗾	ちず|にほん|にほんちず	japan|map|map_of_japan	日本地図	646
🗿	かお|せきぞう|ぞう|もあい|もやい	face|moai|moyai|statue|stoneface|travel	モアイ	645
😀	えがお|かお|すまいる|ないす|にっこり|にっこりわらう|はっぴー|わらう	cheerful|cheery|face|grin|grinning|grinning_face|happy|laugh|nice|smile|smiling|teeth	にっこり笑う	644
😁	えがお|かお|すまいる|ないす|にやっとわらう|はっぴー|わらい|わらう	beaming|beaming_face_with_smiling_eyes|eye|eyes|face|grin|grinning|happy|nice|smile|smiling|teeth	にやっと笑う	643
😂	あはは|うれしなき|えがお|おおわらい|かお|すまいる|なきわらい|なみだ|ばくしょう|わらい|わらう	crying|face|face_with_tears_of_joy|feels|funny|haha|happy|hehe|hilarious|joy|laugh|lmao|lol|rofl|roflmao|tear	嬉し泣き	642
😃	えがお|かお|くちをあけたえがお|すまいる|はっぴー|わーい	awesome|big|eyes|face|grin|grinning|grinning_face_with_big_eyes|happy|mouth|open|smile|smiling|teeth|yay	わーい	641
😄	えがお|かお|すまいる|はっぴー|わらい|わーい	eye|eyes|face|grin|grinning|grinning_face_with_smiling_eyes|happy|laugh|lol|mouth|open|smile|smiling	笑顔	1875
😅	あせ|えがお|かお|すまいる|とほほ|ひやあせ|ひやあせえがお|わーい	cold|dejected|excited|face|grinning|grinning_face_with_sweat|mouth|nervous|open|smile|smiling|stress|stressed|sweat	冷や汗笑顔	639
😆	あはは|うけるね|うれしい|えがお|かお|きゃー|すまいる|まんぞく|わら	closed|eyes|face|grinning|grinning_squinting_face|haha|hahaha|happy|laugh|lol|mouth|open|rofl|smile|smiling|squinting	きゃー	638
😇	えがお|かお|すまいる|てんしのわ|てんしのわがついたえがお|はっぴー|へいわ	angel|angelic|angels|blessed|face|fairy|fairytale|fantasy|halo|happy|innocent|peaceful|smile|smiling|smiling_face_with_halo|spirit|tale	天使の輪がついた笑顔	637
😈	あくま|えがお|かお|すまいる|つの|でびる|わらったあくま	demon|devil|evil|face|fairy|fairytale|fantasy|horns|purple|shade|smile|smiling|smiling_face_with_horns|tale	笑った悪魔	636
😉	うぃんく|うぃんくするかお|ういんく|かお	face|flirt|heartbreaker|sexy|slide|tease|wink|winking|winking_face|winks	ウインク	635
😊	えがお|かお|すまいる|にこにこ|ほほえみ|ほほをあからめる|まんぞく|めをほそめる	blush|eye|eyes|face|glad|satisfied|smile|smiling|smiling_face_with_smiling_eyes	にこにこ	634
😋	うまい|えがお|おいしい|おいしそう|かお|すまいる|にこにこ|にこにこぺろり|はらぺこ|ぺろり	delicious|eat|face|face_savoring_food|food|full|hungry|savor|smile|smiling|tasty|um|yum|yummy	にこにこぺろり	633
😌	あんしん|かお|ほっ|ほっとしたかお	calm|face|peace|relief|relieved|relieved_face|zen	ほっとした顔	632
😍	えがお|かお|すまいる|だいすき|はーと|めがはーとのえがお|らぶ	143|bae|eye|face|feels|heart-eyes|hearts|ily|kisses|love|romance|romantic|smile|smiling_face_with_heart-eyes|xoxo	目がハートの笑顔	631
😎	えがお|かお|くーる|さんぐらす|さんぐらすでえがお|すまいる|めがね	awesome|beach|bright|bro|chilling|cool|face|rad|relaxed|shades|slay|smile|smiling_face_with_sunglasses|style|sunglasses|swag|win	サングラスで笑顔	630
😏	うすわらいをするかお|かお|にやり|ふっ	boss|dapper|face|flirt|homie|kidding|leer|shade|slick|sly|smirk|smirking_face|smug|snicker|suave|suspicious|swag	薄笑いをする顔	629
😐️	かお|ぽーかーふぇいす|むひょうじょう|わらえない		絵文字	628
😑	かお|ふーん|むかんじょう|むひょうじょう|やきもち	awkward|dead|expressionless|expressionless_face|face|fine|inexpressive|jealous|meh|not|oh|omg|straight|uh|unhappy|unimpressed|whatever	無表情	627
😒	かお|しらけ|しらけた|しらける|じとめ|つまらない|ふまん|やきもち	bored|face|fine|jealous|jel|jelly|pissed|smh|ugh|uhh|unamused|unamused_face|unhappy|weird|whatever	しらけた	626
😓	あせ|かお|きもをひやした|さむけ|ずつう|ひやあせ	close|cold|downcast|downcast_face_with_sweat|face|feels|headache|nervous|sad|scared|sweat|yikes	冷や汗	625
😔	かお|かなしい|かんがえこむかお|がっかり|しょぼーん|しょんぼり	awful|bored|dejected|died|disappointed|face|losing|lost|pensive|pensive_face|sad|sucks	しょぼーん	624
😕	かお|こんらん|こんわく|しかめつら|ふーん|わからない	befuddled|confused|confused_face|confusing|dunno|face|frown|hm|meh|not|sad|sorry|sure	混乱	623
😖	かお|こまった|こんらん|こんわく|こんわくしたかお	annoyed|confounded|confounded_face|confused|cringe|distraught|face|feels|frustrated|mad|sad	困惑した顔	622
😗	かお|きす|ちゅっ|でーと	143|date|dating|face|flirt|ily|kiss|kissing_face|love|smooch|smooches|xoxo|you	キス	621
😘	かお|きす|ちゅっ|なげきっす|はーと	adorbs|bae|blowing|face|face_blowing_a_kiss|flirt|heart|ily|kiss|love|lover|miss|muah|romantic|smooch|xoxo|you	投げキッス	620
😙	えがお|かお|きす|すまいる|ちゅっ|にっこりきす	143|closed|date|dating|eye|eyes|face|flirt|ily|kiss|kisses|kissing|kissing_face_with_smiling_eyes|love|night|smile|smiling	にっこりキス	619
😚	かお|きす|ちゅっ|でーと|めをとじてきす|めをとじる	143|bae|blush|closed|date|dating|eye|eyes|face|flirt|ily|kisses|kissing|kissing_face_with_closed_eyes|smooches|xoxo	ちゅっ	618
😛	あまい|かお|した|したをだしたかお|べろ|べー	awesome|cool|face|face_with_tongue|nice|party|stuck-out|sweet|tongue	舌を出した顔	617
😜	あっかんべー|うぃんく|かお|した|じょうだん|じょーく|べー	crazy|epic|eye|face|funny|joke|loopy|nutty|party|stuck-out|tongue|wacky|weirdo|wink|winking|winking_face_with_tongue|yolo	あっかんべー	616
😝	あじみ|かお|した|べろ|べー|めをとじてべー|わーい	closed|eye|eyes|face|gross|horrible|omg|squinting|squinting_face_with_tongue|stuck-out|taste|tongue|whatever|yolo	目を閉じてべー	615
😞	かお|かなしい|がっかり|がっくり|ざんねん|しつぼうしたかお	awful|blame|dejected|disappointed|disappointed_face|face|fail|losing|sad|unhappy	失望した顔	614
😟	かお|かなしい|こまった|しんぱい|なやむかお	anxious|butterflies|face|nerves|nervous|sad|stress|stressed|surprised|worried|worried_face|worry	悩む顔	613
😠	いかり|おこった|おこったかお|かお|ふまん|ぷんぷん	anger|angry|angry_face|blame|face|feels|frustrated|mad|maddening|rage|shade|unhappy|upset	ぷんぷん	612
😡	あかいかお|いかり|かお|かんかん|げきど|ふくれっつら|ぷんぷん	anger|angry|enraged|enraged_face|face|feels|mad|maddening|pouting|rage|red|shade|unhappy|upset	ふくれっ面	611
😢	かお|かなしい|さびしい|なきがお|なく|なみだ|ひどい	awful|cry|crying|crying_face|face|feels|miss|sad|tear|triste|unhappy	泣き顔	610
😣	かお|がまん|がまんするかお|ずつう	concentrate|concentration|face|focus|headache|persevere|persevering|persevering_face	我慢	609
😤	いかり|かお|かちほこったかお|とくいげ|はないき|ふんっ	anger|angry|face|face_with_steam_from_nose|feels|fume|fuming|furious|fury|mad|nose|steam|triumph|unhappy|won	勝ち誇った顔	608
😥	あせ|かお|こまった|どうしよう	anxious|call|close|complicated|disappointed|face|not|relieved|sad|sad_but_relieved_face|sweat|time|whew	どうしよう	607
😦	あきれがお|おどろき|かお|くちをあけたかお|しかめがお|しかめつら|ふほんい|ふまん|ぼうぜん|ぽかーん	caught|face|frown|frowning|frowning_face_with_open_mouth|guard|mouth|open|scared|scary|surprise|what|wow	あきれ顔	606
😧	おどろき|かお|くのう|くもん|こまったかお	anguished|anguished_face|face|forgot|scared|scary|stressed|surprise|unhappy|what|wow	苦悩	605
😨	あおざめ|あおざめたかお|かお|がーん|こわい|ふあん	afraid|anxious|blame|face|fear|fearful|fearful_face|scared|worried	青ざめ	604
😩	あきらめ|かお|つかれ|なきがお|はらぺこ|へとへと	crying|face|fail|feels|hungry|mad|nooo|sad|sleepy|tired|unhappy|weary|weary_face	あきらめ	603
😪	かお|つかれた|ねむい|ねむそうなかお|ねむっているかお|ねむる|ねる	crying|face|good|night|sad|sleep|sleeping|sleepy|sleepy_face|tired	眠い	602
😫	かお|くしゃみ|げんかい|つかれ|つかれた|つかれたかお	cost|face|feels|nap|sad|sneeze|tired|tired_face	疲れた	601
😬	いー|かお|しかめがお|しかめっつら|しかめつら	awk|awkward|dentist|face|grimace|grimacing|grimacing_face|grinning|smile|smiling	しかめ面	600
😭	おおなき|かお|かなしい|ごうきゅう|ごうきゅうするかお|なく|なみだ	bawling|cry|crying|face|loudly|loudly_crying_face|sad|sob|tear|tears|unhappy	大泣き	599
😮	おどろき|かお|きょうかん|くちがひらいたかお|しんじられない|へー	believe|face|face_with_open_mouth|forgot|mouth|omg|open|shocked|surprised|sympathy|unbelievable|unreal|whoa|wow|you	口が開いた顔	598
😮‍💨	あきらめ|あんしん|いきぎれ|いきをはくかお|かお|ためいき|つかれた|ほっとした	blow|blowing|exhale|exhaling|exhausted|face|face_exhaling|gasp|groan|relief|sigh|smiley|smoke|whisper|whistle	息を吐く顔	597
😯	おどろき|かお|すごいね|びっくり|びっくりがお|ぽかーん	epic|face|hushed|hushed_face|omg|stunned|surprised|whoa|woah	ぽかーん	596
😰	あおいかお|あおざめ|あせ|かお|さむい|ひやあせ|ひやあせあおざめ	anxious|anxious_face_with_sweat|blue|cold|eek|face|mouth|nervous|open|rushed|scared|sweat|yikes	冷や汗青ざめ	595
😱	おどろき|かお|がーん|きょうふ|さけび|さけんでいるかお|しょっく	epic|face|face_screaming_in_fear|fear|fearful|munch|scared|scream|screamer|screaming|shocked|surprised|woah	恐怖	594
😲	えーっ|おどろき|かお|きょうがく|びっくり|びっくりしたかお|まさか	astonished|astonished_face|cost|face|no|omg|shocked|totally|way	びっくり	593
😳	あかくなる|えーっ|おどろき|かお|せきめん|とまどい	amazed|awkward|crazy|dazed|dead|disbelief|embarrassed|face|flushed|flushed_face|geez|heat|hot|impressed|jeez|what|wow	赤面	592
😴	おやすみ|かお|ぐーぐー|ねがお|ねむい|ねむる|ねる	bed|bedtime|face|good|goodnight|nap|night|sleep|sleeping|sleeping_face|tired|whatever|yawn|zzz	寝る	591
😵	かお|つかれた|びょうき|ふらふら|めまい	crossed-out|dead|dizzy|eyes|face|face_with_crossed-out_eyes|feels|knocked|out|sick|tired	めまい	590
😵‍💫	うずまき|くらくら|ふらふら|めがぐるぐる|めがまわる|めまい|めをまわしたかお	confused|dizzy|eyes|face|face_with_spiral_eyes|hypnotized|omg|smiley|spiral|trouble|whoa|woah|woozy	目を回した顔	589
😶	かお|くちなし|くちのないかお|だんまり|ちんもく|むごん|むひょうじょう	awkward|blank|expressionless|face|face_without_mouth|mouth|mouthless|mute|quiet|secret|silence|silent|speechless	口のない顔	588
😶‍🌫️	うわのそら|かお|くものなかのかお|ほうしんじょうたい|ぼんやり|むちゅう		絵文字	587
😷	いし|かお|かぜ|かふんしょう|しかい|どくたー|びょうき|ますく|ますくがお	cold|dentist|dermatologist|doctor|dr|face|face_with_medical_mask|germs|mask|medical|medicine|sick	マスク顔	586
😸	えがお|かお|すまいる|どうぶつ|にやっとわらうねこ|ねこ|わらう	animal|cat|eye|eyes|face|grin|grinning|grinning_cat_with_smiling_eyes|smile|smiling	にやっと笑う猫	585
😹	うれしなきするねこ|えがお|かお|すまいる|どうぶつ|なみだ|ねこ|ばくしょう	animal|cat|cat_with_tears_of_joy|face|joy|laugh|laughing|lol|tear|tears	嬉し泣きする猫	584
😺	えがお|かお|すまいる|どうぶつ|にっこりわらうねこ|ねこ	animal|cat|face|grinning|grinning_cat|mouth|open|smile|smiling	にっこり笑う猫	583
😻	えがお|かお|すまいる|どうぶつ|ねこ|はーと|めがはーとのねこ	animal|cat|eye|face|heart|heart-eyes|love|smile|smiling|smiling_cat_with_heart-eyes	目がハートの猫	582
😼	かお|どうぶつ|にやり|にやりとするねこ|ねこ|ふっ	animal|cat|cat_with_wry_smile|face|ironic|smile|wry	にやりとする猫	581
😽	かお|きす|ちゅっ|どうぶつ|ねこ|ねこのきす	animal|cat|closed|eye|eyes|face|kiss|kissing|kissing_cat	猫のキス	580
😾	かお|どうぶつ|ねこ|ふきげん|ふきげんなねこ|ぷんぷん	animal|cat|face|pouting|pouting_cat	不機嫌な猫	579
😿	かお|かなしい|どうぶつ|ないているねこ|なく|なみだ|ねこ	animal|cat|cry|crying|crying_cat|face|sad|tear	泣いている猫	578
🙀	かお|がーん|しょっく|ぜつぼうするねこ|どうぶつ|ねこ|びっくり	animal|cat|face|oh|surprised|weary|weary_cat	絶望する猫	577
🙁	かお|こまった|しかめつら|すこしこまった|すこしこまったかお	face|frown|frowning|sad|slightly|slightly_frowning_face	少し困った顔	576
🙂	えがお|かお|すまいる|はっぴー|ほほえみ|ほほえむ	face|happy|slightly|slightly_smiling_face|smile|smiling	微笑む	575
🙃	えがお|かお|さかさま|さかさまのかお	face|hehe|smile|upside-down|upside-down_face	さかさまの顔	574
🙄	あきれた|うえをみるかお|うわめ|うーん|かお|めをむく	eyeroll|eyes|face|face_with_rolling_eyes|rolling|shade|ugh|whatever	上を見る顔	573
🙅	えぬじー|おことわり|きんし|きんしされた|じぇすちゃー|じょがい|だめ|だめのぽーずをするひと|ばつ|ひと	forbidden|gesture|hand|no|not|person|person_gesturing_no|prohibit	ダメのポーズをする人	572
🙅‍♀️	えぬじー|おんな|じぇすちゃー|じょせい|だめのぽーずをするおんな|ばつ		絵文字	571
🙅‍♂️	えぬじー|おとこ|きんし|じぇすちゃー|だめのぽーずをするおとこ|だんせい|ばつ		絵文字	570
🙆	えくささいず|おーけー|おーけーのぽーずをするひと|じぇすちゃー|て|ひと|びっくり|まる	exercise|gesture|gesturing|hand|ok|omg|person|person_gesturing_ok	OKのポーズをする人	569
🙆‍♀️	おっけー|おーけー|おーけーのぽーずをするおんな|じぇすちゃー|じょせい|まる		絵文字	568
🙆‍♂️	おっけー|おとこ|おーけー|おーけーのぽーずをするおとこ|じぇすちゃー|だんせい|まる		絵文字	567
🙇	おじぎ|おじぎするひと|おねがい|ごめんなさい|しゃざい|じぇすちゃー|どげざ|ゆるして	apology|ask|beg|bow|bowing|favor|forgive|gesture|meditate|meditation|person|person_bowing|pity|regret|sorry	おじぎする人	566
🙇‍♀️	おじぎ|おじぎするおんな|おんな|ごめんなさい|じょせい|どげざ		絵文字	565
🙇‍♂️	おじぎ|おじぎするおとこ|おとこ|ごめんなさい|だんせい|どげざ		絵文字	564
🙈	かくす|さる|さんざる|どうぶつ|みざる|めかくし	embarrassed|evil|face|forbidden|forgot|gesture|hide|monkey|no|omg|prohibited|scared|secret|see-no-evil_monkey|smh|watch	見ざる	563
🙉	きかざる|さる|さんざる|ひみつ	animal|ears|evil|face|forbidden|gesture|hear|hear-no-evil_monkey|listen|monkey|no|not|prohibited|secret|shh|tmi	聞かざる	562
🙊	いわざる|さる|さんざる|だまる|ないしょ|ひみつ	animal|evil|face|forbidden|gesture|monkey|no|not|oops|prohibited|quiet|secret|speak|speak-no-evil_monkey|stealth	言わざる	561
🙋	きょしゅ|しつもん|じぇすちゃー|て|てをあげる|てをあげるじん|ひと|わかった	gesture|hand|here|know|me|person|person_raising_hand|pick|question|raise|raising	手を挙げる人	560
🙋‍♀️	おんな|きょしゅ|じょせい|てをあげる|てをあげるおんな		絵文字	559
🙋‍♂️	おとこ|きょしゅ|だんせい|てをあげる|てをあげるおとこ		絵文字	558
🙌	じぇすちゃー|て|てをあげる|ばんざい|りょうて	celebration|gesture|hand|hands|hooray|praise|raised|raising|raising_hands	バンザイ	557
🙍	きゃらくたー|しかめがお|しかめっつら|しかめつらのひと|しつぼう|ふまん|むっとしているひと	annoyed|disappointed|disgruntled|disturbed|frown|frowning|frustrated|gesture|irritated|person|person_frowning|upset	しかめ面の人	556
🙍‍♀️	おんな|しかめがお|しかめっつら|しかめつらのおんな|じょせい		絵文字	555
🙍‍♂️	おとこ|しかめがお|しかめっつら|しかめつらのおとこ|だんせい|むっとしているおとこ		絵文字	554
🙎	きゃらくたー|くちをとがらせたひと|けわしいひょうじょう|ふきげん|ふきげんなひと|ふくれる|ぷんぷん	disappointed|downtrodden|frown|grimace|person|person_pouting|pouting|scowl|sulk|upset|whine	不機嫌な人	553
🙎‍♀️	おんな|じょせい|ふきげん|ふきげんなおんな|ぷんぷん		絵文字	552
🙎‍♂️	おとこ|くちをとがらせたおとこ|だんせい|ふきげん|ふきげんなおとこ|ぷんぷん		絵文字	551
🙏	ありがとう|いのり|おねがい|がっしょう|ごめんなさい|じぇすちゃー|て|はいたっち|りょうて	appreciate|ask|beg|blessed|bow|cmon|five|folded|folded_hands|gesture|hand|high|please|pray|thanks|thx	祈り	550
🚀	うちゅう|うちゅうりょこう|のりもの|はっしゃ|ろけっと	launch|rocket|rockets|space|travel	ロケット	549
🚁	のりもの|へり|へりこぷたー	copter|helicopter|roflcopter|travel|vehicle	ヘリコプター	548
🚂	えすえる|きかんしゃ|きしゃ|じょうききかんしゃ|てつどう|のりもの|れっしゃ	caboose|engine|locomotive|railway|steam|train|trains|travel	蒸気機関車	547
🚃	てつどう|でんしゃ|とろりーばす|のりもの|れっしゃ	car|electric|railway|railway_car|train|tram|travel|trolleybus	電車	546
🚄	こうそくれっしゃ|しんかんせん|てつどう|でんしゃ|のりもの	high-speed|high-speed_train|railway|shinkansen|speed|train	新幹線	545
🚅	こうそくれっしゃ|しんかんせん|ぜろけいしんかんせん|てつどう|でんしゃ|のぞみ|のりもの|まるいしんかんせん	bullet|bullet_train|high-speed|nose|railway|shinkansen|speed|train|travel	0系新幹線	544
🚆	でんしゃ|でんしゃしょうめん|のりもの|れっしゃ	arrived|choo|railway|train	電車正面	543
🚇️	ちかてつ|でんしゃ|のりもの|めとろ		地下鉄	542
🚈	てつどう|でんしゃ|のりもの|ものれーる|らいとれーる	arrived|light|light_rail|monorail|rail|railway	ライトレール	541
🚉	えき|すてーしょん|でんしゃ|のりもの|ふみきり|れっしゃ	railway|station|train	駅	540
🚊	でんしゃ|のりもの|ろめんでんしゃ|ろめんでんしゃしょうめん	tram|trolleybus	路面電車正面	539
🚋	でんしゃ|とろりーばす|のりもの|ろめんでんしゃ	bus|car|tram|tram_car|trolley|trolleybus	路面電車	538
🚌	くるま|すくーるばす|のりもの|ばす	bus|school|vehicle	バス	537
🚍️	くるま|のりもの|ばす|ばすしょうめん		絵文字	536
🚎	とろりーばす|のりもの|ばす|ろめんでんしゃ	bus|tram|trolley|trolleybus	トロリーバス	535
🚏	ていりゅうじょ|のりもの|ばすてい|ばすのりば	bus|bus_stop|busstop|stop	バス停	534
🚐	くるま|こがたばす|のりもの|ばす|まいくろばす|みにばす	bus|drive|minibus|van|vehicle	マイクロバス	533
🚑️	きゅうきゅうしゃ|くるま|のりもの		救急車	532
🚒	くるま|しょうぼうしゃ|のりもの	engine|fire|fire_engine|truck	消防車	531
🚓	けいさつ|のりもの|ぱとかー|ぱとろーる	50|car|cops|patrol|police|police_car	パトカー	530
🚔️	けいさつ|のりもの|ぱとかー|ぱとかーしょうめん		絵文字	529
🚕	いえろーきゃぶ|くるま|たくしー|のりもの	cab|cabbie|car|drive|taxi|vehicle|yellow	タクシー	528
🚖	いえろーきゃぶ|くるま|たくしー|たくしーしょうめん|のりもの	cab|cabbie|cars|drove|hail|oncoming|oncoming_taxi|taxi|yellow	タクシー正面	527
🚗	くるま|じどうしゃ|じょうようしゃ|どらいぶ|のりもの	automobile|car|driving|vehicle	自動車	526
🚘️	くるま|じどうしゃ|じどうしゃしょうめん|じょうようしゃ|どらいぶ|のりもの		絵文字	525
🚙	あーるぶいしゃ|くるま|じどうしゃ|じょうようしゃ|のりもの	car|drive|recreational|sport|sport_utility_vehicle|sportutility|utility|vehicle	アールブイ車	524
🚚	くるま|とらっく|のりもの|はいそう|はいたつ	car|delivery|delivery_truck|drive|truck|vehicle	トラック	523
🚛	くるま|とらっく|とれーらー|のりもの	articulated|articulated_lorry|car|drive|lorry|move|semi|truck|vehicle	トレーラー	522
🚜	くるま|とらくたー|のりもの	tractor|vehicle	トラクター	521
🚝	でんしゃ|のりもの|ものれーる	monorail|vehicle	モノレール	520
🚞	でんしゃ|とざんてつどう|とざんでんしゃ|のりもの	car|mountain|mountain_railway|railway|trip	登山鉄道	519
🚟	けんすいしきものれーる|でんしゃ|のりもの|ものれーる	railway|suspension|suspension_railway	懸垂式モノレール	518
🚠	けーぶるかー|ごんどら|のりもの|りふと	cable|cableway|gondola|lift|mountain|mountain_cableway|ski	ケーブルカー	517
🚡	ごんどら|のりもの|ろーぷうぇい	aerial|aerial_tramway|cable|car|gondola|ropeway|tramway	ロープウェイ	516
🚢	きゃくせん|たいたにっくごう|のりもの|ふね	boat|passenger|ship|travel	船	515
🚣	おーる|かぬー|かやっく|こぐ|すぽーつ|てこぎぼーと|ぱどる|ふね|ぼーと|ぼーとをこぐひと	boat|canoe|cruise|fishing|lake|oar|paddle|person|person_rowing_boat|raft|river|row|rowboat|rowing	ボートをこぐ人	514
🚣‍♀️	おんな|かぬー|かやっく|じょせい|すぽーつ|てこぎぼーと|ふね|ぼーと|ぼーとをこぐおんな		絵文字	513
🚣‍♂️	かぬー|かやっく|すぽーつ|だんせい|ふね|ぼーとをこぐおとこ		絵文字	512
🚤	かいそくてい|すぴーどぼーと|のりもの|ふね|ぼーと|もーたーぼーと	billionaire|boat|lake|luxury|millionaire|speedboat|summer|travel	スピードボート	511
🚥	こうさてん|こうつう|しんごう|しんごうき|しんごうよこ	horizontal|horizontal_traffic_light|intersection|light|signal|stop|stoplight|traffic	信号横	510
🚦	こうさてん|こうつう|しんごう|しんごうき|しんごうたて	drove|intersection|light|signal|stop|stoplight|traffic|vertical|vertical_traffic_light	信号縦	509
🚧	こうじちゅう|さいん|つうこうどめ	barrier|construction	工事中	508
🚨	きんきゅう|けいさつ|さいれん|せきしょくとう|ぱとかー|ぱとらんぷ	alarm|alert|beacon|car|emergency|light|police|police_car_light|revolving|siren	パトランプ	507
🚩	けんちく|ごるふ|さんかくのはた|すぽーつ|はた|ふらぐ|ふらっぐ	construction|flag|golf|post|triangular|triangular_flag	三角の旗	506
🚪	げんかん|と|とびら|どあ	back|closet|door|front	ドア	505
🚫	きせい|きんし|しゃりょうつうこうどめ|つうこうどめ|どうろ|ひょうしき	entry|forbidden|no|not|prohibited|smoke	車両通行止め	504
🚬	きつえん|たばこ	cigarette|smoking	煙草	503
🚭️	きんえん|きんし|たばこ		禁煙	502
🚮	くずかご|ごみすて|ごみばこ	bin|litter|litter_in_bin_sign|litterbin|sign	ゴミ箱	501
🚯	きんし|ごみ|ごみすてきんし|ぽいすてきんし	forbidden|litter|littering|no|no_littering|not|prohibited	ポイ捨て禁止	500
🚰	いんりょうすい|すいどう|のみみず|みず	drinking|potable|potable_water|water	飲料水	499
🚱	いんようきんし|いんようふか|きんし|のめないみず	dry|non-drinking|non-potable|non-potable_water|prohibited|water	飲用不可	498
🚲️	さいくりんぐ|じてんしゃ|のりもの		自転車	497
🚳	きせい|きんし|じてんしゃ|じてんしゃきんし|どうろ|ひょうしき	bicycle|bicycles|bike|forbidden|no|no_bicycles|not|prohibited	自転車禁止	496
🚴	けいりん|さいくりすと|さいくりんぐ|じてんしゃ|じてんしゃにのるじん|じてんしゃのり|すぽーつ|ろーどばいく|ろーどれーす	bicycle|bicyclist|bike|biking|cycle|cyclist|person|person_biking|riding|sport	自転車に乗る人	495
🚴‍♀️	おんな|けいりん|さいくりすと|さいくりんぐ|じてんしゃ|じてんしゃにのるおんな|じてんしゃのり|じょせい|すぽーつ|ろーどれーす		絵文字	494
🚴‍♂️	けいりん|さいくりんぐ|じてんしゃにのるおとこ|すぽーつ|だんせい|ろーどれーす		絵文字	493
🚵	きょうぎ|さいくりすと|さいくりんぐ|じてんしゃ|じてんしゃのり|すぽーつ|まうんてんばいく|まうんてんばいくにのるひと|やま	bicycle|bicyclist|bike|biking|cycle|cyclist|mountain|person|person_mountain_biking|riding|sport	マウンテンバイクに乗る人	492
🚵‍♀️	おんな|さいくりすと|さいくりんぐ|じてんしゃ|じてんしゃのり|じょせい|すぽーつ|まうんてんばいくにのるおんな		絵文字	491
🚵‍♂️	おとこ|さいくりんぐ|じてんしゃ|すぽーつ|だんせい|まうんてんばいくにのるおとこ		絵文字	490
🚶	あるく|あるくひと|うぉーきんぐ|おおまた|さんぽ|はいきんぐ|ひと|ぶらつく|ほこう|ほこうしゃ	amble|gait|hike|man|pace|pedestrian|person|person_walking|stride|stroll|walk|walking	歩く人	489
🚶‍♀️	あるく|あるくおんな|うぉーきんぐ|さんぽ|じょせい|はいきんぐ|ほこう|ほこうしゃ		絵文字	488
🚶‍♂️	あるくおとこ|うぉーきんぐ|だんせい|ほこう|ほこうしゃ		絵文字	487
🚷	きせい|きんし|どうろ|ひょうしき|ほこうしゃたちいりきんし	forbidden|no|no_pedestrians|not|pedestrian|pedestrians|prohibited	歩行者立入禁止	486
🚸	こども|じどうおうだん|つうがくろ|ひょうしき	child|children|children_crossing|crossing|pedestrian|traffic	児童横断	485
🚹️	おてあらい|けしょうしつ|だんし|だんしといれ|だんせい|といれ		男性	484
🚺️	おてあらい|けしょうしつ|じょし|じょしといれ|じょせい|といれ		女性	483
🚻	おてあらい|けしょうしつ|といれ	bathroom|lavatory|restroom|toilet|wc	トイレ	482
🚼️	あかちゃん|あかんぼう|べびー|べびーしーと|べびーまーく		赤ちゃん	481
🚽	おてあらい|といれ|べんき|べんざ	bathroom|toilet	便器	480
🚾	おてあらい|けしょうしつ|といれ	bathroom|closet|lavatory|restroom|toilet|water|water_closet|wc	WC	479
🚿	しゃわー|ふろ	shower|water	シャワー	478
🛀	ばすたぶ|ふろ|ふろにはいるじん|よくそう	bath|bathtub|person|person_taking_bath|taking|tub	風呂に入る人	477
🛁	あわぶろ|ばすたぶ|ふろ|よくそう	bath|bathtub	バスタブ	476
🛂	しゅつにゅうこく|しゅつにゅうこくしんさ|にゅうしゅっこく|ぱすぽーとこんとろーる	control|passport|passport_control	出入国審査	475
🛃	ぜいかん|つうかん	customs|packing	税関	474
🛄	あづけいれにもつ|すーつけーす|てにもつ|てにもつうけとり|ばげっじくれーむ	arrived|baggage|baggage_claim|bags|case|checked|claim|journey|packing|plane|ready|travel|trip	手荷物受取	473
🛅	こいんろっかー|すーつけーす|てにもつ|てにもつあずかり|ろっかー	baggage|case|left|left_luggage|locker|luggage	手荷物預かり	472
🛋️	そふぁ|そふぁとらんぷ|ながいす|ほてる|らんぷ		絵文字	471
🛌	おやすみ|ぐーぐー|しゅうしんちゅう|ねる|べっど|べっどにねるひと|ほてる	bed|bedtime|good|goodnight|hotel|nap|night|person|person_in_bed|sleep|tired|zzz	ベッドに寝る人	470
🛍️	かみてさげ|かみぶくろ|しょっぴんぐばっぐ|ばっぐ		絵文字	469
🛎️	べる|べるぼーいべる|ほてる		絵文字	468
🛏️	すいみん|ねる|べっど|ほてる		絵文字	467
🛐	いのり|しゅうきょう|れいはい|れいはいじょ	place|place_of_worship|pray|religion|worship	礼拝所	466
🛑	すとっぷ|とまれ|とまれのひょうしき|はちかくけい|ひょうしき	octagonal|sign|stop|stop_sign	止まれの標識	465
🛒	かいもの|かーと|しょっぴんぐ|しょっぴんぐかーと|すーぱー	cart|shopping|shopping_cart|trolley	ショッピングカート	464
🛕	しゅうきょう|たてもの|てら|ひんずーきょう|ひんどぅーきょうのじいん	hindu|hindu_temple|temple	ヒンドゥー教の寺院	463
🛖	いえ|こや|ばんがろー|ゆると|わらぶきこや	home|house|hut|roundhouse|shelter|yurt	わらぶき小屋	462
🛗	あくせしびりてぃ|えれべーたー|しょうこうき|ばりあふりー|りふと	accessibility|elevator|hoist|lift	エレベーター	461
🛜	いんたーねっと|すまほ|せつぞく|でんぱ|ねっとわーく|ぶろーどばんど|ほっとすぽっと|むせん|むせんらん|わいふぁい	broadband|computer|connectivity|hotspot|internet|network|router|smartphone|wi-fi|wifi|wireless|wlan	Wi-Fi	460
🛝	こうえん|すべりだい|ゆうぐ	amusement|park|play|playground|playground_slide|playing|slide|sliding|theme	すべり台	459
🛞	くるま|しゃりん|じどうしゃ|すぽーく|たいや|ほいーる	car|circle|tire|turn|vehicle|wheel	ホイール	458
🛟	あんぜん|うきわ|きゅうじょ|きゅうめいぐ|きゅうめいふかん|ぶい|らいふせーばー|れすきゅー	buoy|float|life|lifesaver|preserver|rescue|ring|ring_buoy|safety|save|saver|swim	救命浮環	457
🛠️	かなづち|こうぐ|すぱな|とんかち|はんまーとれんち|れんち		絵文字	456
🛡️	しーるど|たて|ぼうぐ		絵文字	455
🛢️	おいる|せきゆ|どらむかん		絵文字	454
🛣️	こうそく|こうそくどうろ|どうろ|はいうぇい		絵文字	453
🛤️	きどう|せんろ|てつどう		絵文字	452
🛥️	のりもの|ふね|ぼーと|もーたーぼーと		絵文字	451
🛩️	こうくうき|こがたき|こがたひこうき|のりもの|ひこうき		絵文字	450
🛫	こうくうき|のりもの|ひこうき|ひこうきりりく|りりく	aeroplane|airplane|airplane_departure|check-in|departure|departures|plane	飛行機離陸	449
🛬	こうくうき|ちゃくりく|のりもの|ひこうき|ひこうきちゃくりく	aeroplane|airplane|airplane_arrival|arrival|arrivals|arriving|landing|plane	飛行機着陸	448
🛰️	うちゅう|じんこうえいせい		絵文字	447
🛳️	きゃくせん|のりもの|ふね|りょかくせん		絵文字	446
🛴	きっくすくーたー|きっくすけーたー|きっくぼーど	kick|kick_scooter|scooter	キックボード	445
🛵	おーとばい|げんつき|すくーたー|ばいく	motor|motor_scooter|scooter	スクーター	444
🛶	かぬー|かやっく|のりもの|ふね|ぼーと	boat|canoe	カヌー	443
🛷	すけるとん|すぽーつ|そり|そりきょうぎ|とぼがん|ぼぶすれー|りゅーじゅ	luge|sled|sledge|sleigh|snow|toboggan	そり競技	442
🛸	うちゅう|うちゅうじん|そらとぶえんばん|のりもの|みかくにんひこうぶったい|ゆーふぉー	aliens|extra|flying|flying_saucer|saucer|terrestrial|ufo	空飛ぶ円盤	441
🛹	すけぼー|すけーとぼーど|ぼーど	board|skate|skateboard|skater|wheels	スケートボード	440
🛺	おーとりくしゃー|さんりんたくしー|たくしー|とぅくとぅく|りくしゃー	auto|auto_rickshaw|rickshaw|tuk	三輪タクシー	439
🛻	くるま|けいとらっく|じどうしゃ|とらっく|のりもの|はいたつ|ぴっくあっぷとらっく	automobile|car|flatbed|pick-up|pickup|pickup_truck|transportation|truck	軽トラック	438
🛼	すけーと|すぽーつ|ろーらーすけーと	blades|roller|roller_skate|skate|skates|sport	ローラースケート	437
🟠	おれんじ|おれんじのまる|まる|まるいぼたん	circle|orange|orange_circle	オレンジの丸	436
🟡	きいろ|きいろいまる|まる|まるいぼたん	circle|yellow|yellow_circle	黄色い丸	435
🟢	まる|まるいぼたん|みどり|みどりのまる	circle|green|green_circle	緑の丸	434
🟣	まる|まるいぼたん|むらさき|むらさきのまる	circle|purple|purple_circle	紫の丸	433
🟤	ちゃいろ|ちゃいろのまる|まる|まるいぼたん	brown|brown_circle|circle	茶色の丸	432
🟥	あか|あかいしかく|しかく|せいほうけい	card|penalty|red|red_square|square	赤い四角	431
🟦	あお|あおいしかく|しかく|せいほうけい	blue|blue_square|square	青い四角	430
🟧	おれんじ|おれんじのしかく|しかく|せいほうけい	orange|orange_square|square	オレンジの四角	429
🟨	きいろ|きいろいしかく|しかく|せいほうけい	card|penalty|square|yellow|yellow_square	黄色い四角	428
🟩	しかく|せいほうけい|みどり|みどりのしかく	green|green_square|square	緑の四角	427
🟪	しかく|せいほうけい|むらさき|むらさきのしかく	purple|purple_square|square	紫の四角	426
🟫	しかく|せいほうけい|ちゃいろ|ちゃいろいしかく	brown|brown_square|square	茶色い四角	425
🟰	いこーる|すうがく|とうごう|ひとしい|ふとじのとうごう	answer|equal|equality|equals|heavy|heavy_equals_sign|math|sign	太字の等号	424
🤌	うわむきにすぼめたて|じぇすちゃー|すぼめる|て|ゆび	fingers|gesture|hand|hold|huh|interrogation|patience|pinched|pinched_fingers|relax|sarcastic|ugh|what|zip	上向きにすぼめた手	423
🤍	しろ|しろいはーと|はーと	143|heart|white|white_heart	白いハート	422
🤎	ちゃいろ|ちゃいろいはーと|はーと	143|brown|brown_heart|heart	茶色いハート	421
🤏	すこしだけ|ちょっと|つまんでいるゆび|て|ゆび	amount|bit|fingers|hand|little|pinching|pinching_hand|small|sort	つまんでいる指	420
🤐	かお|くち|くちちゃっく|ちゃっく|ないしょ|ひみつ	face|keep|mouth|quiet|secret|shut|zip|zipper|zipper-mouth|zipper-mouth_face	口チャック	419
🤑	おかね|おかねのかお|かお|した|べろ|べー	face|money|money-mouth|money-mouth_face|mouth|paid	お金の顔	418
🤒	かお|かぜ|たいおんけい|ねつがあるかお|ねつをはかる|びょうき	face|face_with_thermometer|ill|sick|thermometer	熱がある顔	417
🤓	えきすぱーと|おたく|かお|がりべん|しゅうさい|ちてき|まにあ|めがね|ゆうとうせい|りこう	brainy|clever|expert|face|geek|gifted|glasses|intelligent|nerd|nerd_face|smart	オタク	416
🤔	あごにて|うーん|かお|かんがえちゅう|かんがえる|かんがえるかお	chin|consider|face|hmm|ponder|pondering|thinking|thinking_face|wondering	考える顔	415
🤕	いたい|かお|けが|けがしてるかお|ほうたい|ほうたいをまいたかお	bandage|face|face_with_head-bandage|head-bandage|hurt|injury|ouch	包帯を巻いた顔	414
🤖	かお|ろぼっと|ろぼっとのかお	face|monster|robot	ロボット	413
🤗	えがお|かお|すまいる|はぐ	face|hands|hug|hugging|open|smiling|smiling_face_with_open_hands	ハグ	412
🤘	きつね|つののゆびさいん|て|ひとさしゆびとこゆびをたてたて|ろっくおん	finger|hand|horns|rock-on|sign|sign_of_the_horns	角の指サイン	411
🤙	て|でんわ|でんわのあいず|でんわのじぇすちゃー	call|call_me_hand|hand|hang|loose|me|shaka	電話の合図	410
🤚	て|てのこう	back|backhand|hand|raised|raised_back_of_hand	手の甲	409
🤛	こぶし|て|ぱんち|ひだり|ひだりむきのこぶし	fist|left-facing|left-facing_fist|leftwards	左向きのこぶし	408
🤜	こぶし|て|ぱんち|みぎ|みぎむきのこぶし	fist|right-facing|right-facing_fist|rightwards	右向きのこぶし	407
🤝	あくしゅ|けいやくせいりつ|ごうい|て|よろしく	agreement|deal|hand|handshake|meeting|shake	握手	406
🤞	こううんを|て|ゆび|ゆびをくろす	cross|crossed|crossed_fingers|finger|fingers|hand|luck	指をクロス	405
🤟	あいしてる|あいらぶゆー|て	fingers|gesture|hand|ily|love|love-you|love-you_gesture|three|you	アイラブユー	404
🤠	かうがーる|かうぼーい|かうぼーいのかお|かお|ぼうし	cowboy|cowboy_hat_face|cowgirl|face|hat	カウボーイの顔	403
🤡	かお|どうけし|ぴえろ|ぴえろのかお	clown|clown_face|face	ピエロの顔	402
🤢	かお|きもちわるい|ぐあいのわるいかお|はきけをもよおしているかお|はきそう|びょうき	face|gross|nasty|nauseated|nauseated_face|sick|vomit	吐き気を催している顔	401
🤣	あはは|うけるね|えがお|かお|すまいる|なきわらい|なみだ|ばくしょう|わらいころげる|わらう	crying|face|floor|funny|haha|happy|hehe|hilarious|joy|laugh|lmao|lol|rofl|roflmao|rolling|rolling_on_the_floor_laughing|tear	笑い転げる	400
🤤	かお|よだれ|よだれをたらしたかお	drooling|drooling_face|face	よだれを垂らした顔	399
🤥	うそ|うそつき|うそつきのかお|かお|ぴのきおのかお	face|liar|lie|lying|lying_face|pinocchio	うそつきの顔	398
🤦	あちゃー|うそでしょ|しょっく|しんじられない|じぇすちゃー|ひたいにて|ひたいにてをあてるひと|ひと|またか	again|bewilder|disbelief|exasperation|facepalm|no|not|oh|omg|person|person_facepalming|shock|smh	ひたいに手をあてる人	397
🤦‍♀️	あちゃー|うそでしょ|おんな|しょっく|しんじられない|じぇすちゃー|じょせい|ひたいにて|ひたいにてをあてるおんな|またか		絵文字	396
🤦‍♂️	あちゃー|うそでしょ|おとこ|しょっく|しんじられない|じぇすちゃー|だんせい|ひたいにて|ひたいにてをあてるおとこ|またか		絵文字	395
🤧	かお|かぜ|かふんしょう|くしゃみ|くしゃみするかお	face|fever|flu|gesundheit|sick|sneeze|sneezing|sneezing_face	くしゃみする顔	394
🤨	うたがい|おどろき|かお|ふしん|まゆをあげたかお	disapproval|disbelief|distrust|emoji|eyebrow|face|face_with_raised_eyebrow|hmm|mild|raised|skeptic|skeptical|skepticism|surprise|what	眉を上げた顔	393
🤩	えがお|かお|すまいる|ほし|めがほしのえがお|わーい	excited|eyes|face|grinning|smile|star|star-struck|starry-eyed|wow	目が星の笑顔	392
🤪	おかしい|かお|じょーく|ふざけ|ふざけたかお	crazy|eye|eyes|face|goofy|large|small|zany|zany_face	ふざけた顔	391
🤫	かお|しずかに|しっ|しー|しーっ	face|quiet|shh|shush|shushing|shushing_face	しーっ	390
🤬	いかり|かお|けんえつ|しんぼるがくちにあるかお|ののしり|ののしる|わるぐち	censor|cursing|cussing|face|face_with_symbols_on_mouth|mad|mouth|pissed|swearing|symbols	ののしる	389
🤭	えがお|おっと|かお|くすくす|くちにてをあてたかお|すまいる|ないしょ	face|face_with_hand_over_mouth|giggle|giggling|hand|mouth|oops|realization|secret|shock|sudden|surprise|whoops	口に手を当てた顔	388
🤮	おうとするかお|かお|きもちわるい|げろ|はく|びょうき	barf|ew|face|face_vomiting|gross|puke|sick|spew|throw|up|vomit|vomiting	嘔吐する顔	387
🤯	あたまばくはつ|おどろき|かお|しょっく|ばくはつ|びっくり|ぼんっ	blown|explode|exploding|exploding_head|head|mind|mindblown|no|shocked|way	頭爆発	386
🤰	おんな|じょせい|にんしん|にんぷ	pregnant|pregnant_woman|woman	妊婦	385
🤱	あかちゃん|おんな|じゅにゅう|じょせい|みるく	baby|breast|breast-feeding|feeding|mom|mother|nursing|woman	授乳	384
🤲	いのり|つつむて|て|てのひらをそろえたりょうて|りょうて	cupped|dua|hands|palms|palms_up_together|pray|prayer|together|up|wish	手のひらを揃えた両手	383
🤳	かめら|じどり|じぶんどり|すまほ|せるふぃー	camera|phone|selfie	セルフィー	382
🤴	おうじ|おうぞく|おとこ|だんせい|ぷりんす	crown|fairy|fairytale|fantasy|king|prince|royal|royalty|tale	プリンス	381
🤵	けっこん|せいそう|たきしーど|たきしーどのひと|ひと|ふぉーまる	formal|person|person_in_tuxedo|tuxedo|wedding	タキシードの人	380
🤵‍♀️	おんな|じょせい|たきしーど|たきしーどのおんな|たきしーどのじょせい		絵文字	379
🤵‍♂️	おとこ|たきしーど|たきしーどのおとこ|たきしーどのだんせい|だんせい		絵文字	378
🤶	おんな|くりすます|さんたくろーす|じょせい|じょせいのさんた	celebration|christmas|claus|fairy|fantasy|holiday|merry|mother|mrs|mrs_claus|santa|tale|xmas	女性のサンタ	377
🤷	おてあげ|おてあげするひと|かたをすくめる|さあね|しらない|じぇすちゃー|たぶんね|ひと|わかりません	doubt|dunno|guess|idk|ignorance|indifference|knows|maybe|person|person_shrugging|shrug|shrugging|whatever|who	お手上げする人	376
🤷‍♀️	おてあげ|おてあげするおんな|おんな|かたをすくめる|さあね|しらない|じぇすちゃー|じょせい|たぶんね|わかりません		絵文字	375
🤷‍♂️	おてあげ|おてあげするおとこ|おとこ|かたをすくめる|さあね|しらない|じぇすちゃー|たぶんね|だんせい|わかりません		絵文字	374
🤸	かっぱつ|かつどうてき|こうふん|しあわせ|すぽーつ|そくてん|そくてんするひと|たいそう|とんぼかえり	active|cartwheel|cartwheeling|excited|flip|gymnastics|happy|person|person_cartwheeling|somersault	側転する人	373
🤸‍♀️	かっぱつ|こうふん|しあわせ|じょせい|すぽーつ|そくてん|そくてんするおんな|たいそう|とんぼかえり		絵文字	372
🤸‍♂️	かっぱつ|こうふん|しあわせ|すぽーつ|そくてん|そくてんするおとこ|たいそう|だんせい|とんぼかえり		絵文字	371
🤹	あやつる|じゃぐらー|じゃぐりんぐ|じゃぐりんぐするひと|じゃぐりんぐをするひと|だいどうげい|ばらんすえんぎ|まるちたすく	act|balance|balancing|handle|juggle|juggling|manage|multitask|person|person_juggling|skill	ジャグリングをする人	370
🤹‍♀️	おんな|じゃぐらー|じゃぐりんぐ|じゃぐりんぐをするおんな|じょせい|だいどうげい		絵文字	369
🤹‍♂️	あやつる|じゃぐらー|じゃぐりんぐ|じゃぐりんぐをするおとこ|だいどうげい|だんせい|ばらんすえんぎ|まるちたすく		絵文字	368
🤺	すぽーつ|ふぇんしんぐ|ふぇんしんぐをするひと	fencer|fencing|person|person_fencing|sword	フェンシングをする人	367
🤼	かくとう|すぽーつ|でゅえる|とっくみあい|りんぐない|れすらー|れすりんぐ|れすりんぐするひと|れすりんぐたいかい|れすりんぐをするひと	combat|duel|grapple|people|people_wrestling|ring|tournament|wrestle|wrestling	レスリングする人	366
🤼‍♀️	かくとう|じょせい|すぽーつ|でゅえる|とっくみあい|りんぐない|れすりんぐ|れすりんぐするおんな|れすりんぐたいかい|れすりんぐをする		絵文字	365
🤼‍♂️	かくとう|すぽーつ|だんせい|でゅえる|とっくみあい|りんぐない|れすりんぐ|れすりんぐするおとこ|れすりんぐたいかい|れすりんぐをする		絵文字	364
🤽	きゅうぎ|すいえい|すいきゅう|すいきゅうをするひと|すいじょうきょうぎ|すぽーつ	person|person_playing_water_polo|playing|polo|sport|swimming|water|waterpolo	水球をする人	363
🤽‍♀️	きゅうぎ|じょせい|すいえい|すいきゅう|すいきゅうをするおんな|すいじょうきょうぎ|すぽーつ		絵文字	362
🤽‍♂️	きゅうぎ|すいえい|すいきゅう|すいきゅうをするおとこ|すいじょうきょうぎ|すぽーつ|だんせい		絵文字	361
🤾	あすりーと|きゃっち|きゅうぎ|すぽーつ|すろーする|なげる|はんどぼーる|はんどぼーるをするひと|ほる|ぼーる	athletics|ball|catch|chuck|handball|hurl|lob|person|person_playing_handball|pitch|playing|sport|throw|toss	ハンドボールをする人	360
🤾‍♀️	きゃっち|きゅうぎ|じょせい|すぽーつ|すろーする|なげる|はんどぼーる|はんどぼーるをするおんな|ほる|ぼーる		絵文字	359
🤾‍♂️	おとこ|きゅうぎ|すぽーつ|だんせい|はんどぼーる|はんどぼーるをするおとこ		絵文字	358
🤿	しゅのーけりんぐ|すきゅーば|すぽーつ|だいびんぐ|だいびんぐますく|ますく	diving|diving_mask|mask|scuba|snorkeling	ダイビング マスク	357
🥀	しおれた|しおれたはな|はな	dying|flower|wilted|wilted_flower	しおれた花	356
🥁	おんがく|がっき|たいこ|どらむ|どらむすてぃっく	drum|drumsticks|music	ドラム	355
🥂	かんぱい|ぐらす|ぐらすでかんぱい|しゃんぱん|しゃんぺん|しゅくはい|すぱーくりんぐわいん|すぷまんて	celebrate|clink|clinking|clinking_glasses|drink|glass|glasses	グラスで乾杯	354
🥃	うぃすきー|ういすきー|ぐらす|しょっと|すこっち|たんぶらー|たんぶらーぐらす	glass|liquor|scotch|shot|tumbler|tumbler_glass|whiskey|whisky	タンブラーグラス	353
🥄	かとらりー|しょっき|すぷーん	eat|spoon|tableware	スプーン	352
🥅	ごーる|ごーるねっと|すぽーつ|ねっと	goal|goal_net|net	ゴールネット	351
🥇	きん|きんめだる|ごーるど|めだる|ゆうしょう	1st|1st_place_medal|first|gold|medal|place	金メダル	350
🥈	ぎん|ぎんめだる|しるばー|めだる	2nd|2nd_place_medal|medal|place|second|silver	銀メダル	349
🥉	どう|どうめだる|ぶろんず|めだる	3rd|3rd_place_medal|bronze|medal|place|third	銅メダル	348
🥊	ぐろーぶ|すぽーつ|ぼくしんぐ|ぼくしんぐぐろーぶ	boxing|boxing_glove|glove	ボクシング	347
🥋	かくとうぎ|からて|じゅうどう|すぽーつ|てこんどー|どうぎ|ぶどう	arts|judo|karate|martial|martial_arts_uniform|taekwondo|uniform	武道	346
🥌	かーりんぐ|げーむ|しあい|すとーん|すぽーつ	curling|curling_stone|game|rock|stone	カーリング	345
🥍	ごーる|すてぃっく|すぽーつ|ぼーる|らくろす	ball|goal|lacrosse|sports|stick	ラクロス	344
🥎	すぽーつ|そふとぼーる|へたなげ|ぼーる	ball|glove|softball|sports|underarm	ソフトボール	343
🥏	あるてぃめっと|えんばん|ふらいんぐでぃすく|ふりすびー	disc|flying|flying_disc|ultimate	フリスビー	342
🥐	くろわっさん|ぱん|ふらんす|べーかりー	bread|breakfast|crescent|croissant|food|french|roll	クロワッサン	341
🥑	あぼかど|くだもの|やさい	avocado|food|fruit	アボカド	340
🥒	きゅうり|つけもの|ぴくるす|やさい	cucumber|food|pickle|vegetable	キュウリ	339
🥓	にく|べーこん	bacon|breakfast|food|meat	ベーコン	338
🥔	いも|じゃがいも|ぽてと|やさい	food|potato|vegetable	ジャガイモ	337
🥕	にんじん|やさい	carrot|food|vegetable	人参	336
🥖	ばげっと|ぱん|ふらんすぱん|べーかりー	baguette|baguette_bread|bread|food|french	バゲット	335
🥗	ぐりーん|ぐりーんさらだ|さらだ	food|green|green_salad|salad	グリーンサラダ	334
🥘	しーふーど|ぱえりあ|ぱえりあなべ	casserole|food|paella|pan|shallow|shallow_pan_of_food	パエリア	333
🥙	けばぶ|けばぶさんど|ぴたぱん|らっぷさんど	falafel|flatbread|food|gyro|kebab|stuffed|stuffed_flatbread	ケバブサンド	332
🥚	たまご	breakfast|egg|food	卵	331
🥛	ぎゅうにゅう|ぎゅうにゅういりのこっぷ|ぐらす|こっぷ|みるく	drink|glass|glass_of_milk|milk	牛乳入りのコップ	330
🥜	なっつ|ぴーなっつ|やさい|らっかせい	food|nut|peanut|peanuts|vegetable	ピーナッツ	329
🥝	きうい|きういふるーつ|くだもの	food|fruit|kiwi|kiwi_fruit	キウイフルーツ	328
🥞	ぱんけーき|ほっとけーき	breakfast|crpe|food|hotcake|pancake|pancakes	パンケーキ	327
🥟	ぎょうざ|ぎょーざ|てんしん|にくまん	dumpling|empanada|gyza|jiaozi|pierogi|potsticker	点心	326
🥠	おみくじ|ふぉーちゅんくっきー	cookie|fortune|fortune_cookie|prophecy	フォーチュンクッキー	325
🥡	ちゅうか|ていくあうとべんとう|でりばりー|はし|べんとう|もちかえり	box|chopsticks|delivery|food|oyster|pail|takeout|takeout_box	テイクアウト弁当	324
🥢	おはし|はし	chopsticks|hashi|jeotgarak|kuaizi	はし	323
🥣	おかゆ|おーとみーる|かゆ|しりある|ちょうしょく|ぼうるとすぷーん	bowl|bowl_with_spoon|breakfast|cereal|congee|oatmeal|porridge|spoon	ボウルとスプーン	322
🥤	こっぷ|じゅーす|すとろーかっぷ|そふとどりんく|そーだ|みず	cup|cup_with_straw|drink|juice|malt|soda|soft|straw|water	ストローカップ	321
🥥	くだもの|ここなっつ|ここなつ|やしのみ	coconut|colada|palm|pia	ココナツ	320
🥦	ぶろっこりー|やさい	broccoli|cabbage|wild	ブロッコリー	319
🥧	あっぷるぱい|おかし|たると|ぱい|ぱんぷきんぱい|みーとぱい	apple|filling|fruit|meat|pastry|pie|pumpkin|slice	パイ	318
🥨	ねじり|ぱん|ぷれっつぇる	convoluted|pretzel|twisted	プレッツェル	317
🥩	あかみにく|すてーき|すてーきにく|にく|びーふ|ぽーく|らむ	chop|cut|cut_of_meat|lambchop|meat|porkchop|red|steak	ステーキ肉	316
🥪	さんどいっち|ぱん	bread|sandwich	サンドイッチ	315
🥫	かん|かんづめ|ひじょうしょく	can|canned|canned_food|food	缶詰	314
🥬	きゃべつ|けーる|さらだ|ちんげんさい|はやさい|れたす	bok|burgers|cabbage|choy|green|kale|leafy|leafy_green|lettuce|salad	葉野菜	313
🥭	くだもの|たべもの|とろぴかる|ふるーつ|まんごー	food|fruit|mango|tropical	マンゴー	312
🥮	あき|おいわい|げっぺい|ちゅうかかし|ちゅうしゅうせつ	autumn|cake|festival|moon|moon_cake|yubng	月餅	311
🥯	くりーむちーず|ちょうしょく|ぱん|ぱんや|べーかりー|べーぐる	bagel|bakery|bread|breakfast|schmear	ベーグル	310
🥰	あいしてる|えがお|かお|はーと|はーとのえがお|むちゅう|めろめろ|らぶ	3|adore|crush|face|heart|hearts|ily|love|romance|smile|smiling|smiling_face_with_hearts|you	ハートの笑顔	309
🥱	あくびしたかお|おやすみ|かお|たいくつ|つかれ|ねむい|ふあー	bedtime|bored|face|goodnight|nap|night|sleep|sleepy|tired|whatever|yawn|yawning|yawning_face|zzz	あくびした顔	308
🥲	うれしなみだのかお|かお|かんげき|かんどう|じーん|なく|なみだ	face|glad|grateful|happy|joy|pain|proud|relieved|smile|smiley|smiling|smiling_face_with_tear|tear|touched	嬉し涙の顔	307
🥳	えがお|おいわい|おめでとう|たんじょうび|はっぴーばーすでー|ぱーてぃー|ぱーてぃーのかお|ふえ|ぼうし	bday|birthday|celebrate|celebration|excited|face|happy|hat|hooray|horn|party|partying|partying_face	パーティーの顔	306
🥴	うつろなめ|ちゅうどく|ふらふらのかお|べろんべろん|ほろよい|めまい	dizzy|drunk|eyes|face|intoxicated|mouth|tipsy|uneven|wavy|woozy|woozy_face	ふらふらの顔	305
🥵	あかいかお|あせ|あついかお|あつさ|したをだしたかお|しにそう|ねっちゅうしょう|はつねつ	dying|face|feverish|heat|hot|hot_face|panting|red-faced|stroke|sweating|tongue	暑い顔	304
🥶	あお|あおいかお|かお|こごえ|さむいかお|さむさ|しもやけ|つらら|ひょうてんか	blue|blue-faced|cold|cold_face|face|freezing|frostbite|icicles|subzero|teeth	寒い顔	303
🥷	おんみつ|くさのもの|しのび|すぱい|にんじゃ|にんじゅつ|ひと	assassin|fight|fighter|hidden|ninja|person|secret|skills|sly|soldier|stealth|war	忍者	302
🥸	かお|かそう|くちひげ|ひげ|へんそう|へんそうしたかお|めがね	disguise|disguised_face|eyebrow|face|glasses|incognito|moustache|mustache|nose|person|spy|tache|tash	変装した顔	301
🥹	うるうる|うれしなき|かお|こんがん|なきがお|なみだ|なみだをこらえたかお	admiration|aww|back|cry|embarrassed|face|face_holding_back_tears|feelings|grateful|gratitude|holding|joy|please|proud|resist|sad|tears	涙をこらえた顔	300
🥺	うったえるようなかお|おおきなめ|おねがい|かお|かなしみ|こいぬのめ|こんがん|なさけ|ぴえん	begging|big|eyes|face|mercy|not|pleading|pleading_face|please|pretty|puppy|sad|why	訴えるような顔	299
🥻	さりー|どれす|ふく|みんぞくいしょう	clothing|dress|sari	サリー	298
🥼	いしゃ|うわぎ|かがくしゃ|じっけん|はくい|ふく	clothes|coat|doctor|dr|experiment|jacket|lab|lab_coat|scientist|white	白衣	297
🥽	ごーぐる|すいえい|すきゅーば|だいびんぐ|ほごめがね|ようせつ	dive|eye|goggles|protection|scuba|swimming|welding	ゴーグル	296
🥾	あうとどあ|きゃんぷ|くつ|ちゃいろいくつ|とざんぐつ|はいきんぐ|はいきんぐしゅーず|ばっくぱっく|ぶーつ	backpacking|boot|brown|camping|hiking|hiking_boot|outdoors|shoe	ハイキングシューズ	295
🥿	すりっぽん|ばれえしゅーず|ふらっとしゅーず|ぺたんこくつ	ballet|comfy|flat|flat_shoe|flats|shoe|slip-on|slipper	フラットシューズ	294
🦀	かに|せいざ|どうぶつ	cancer|crab|zodiac	カニ	293
🦁	かお|ししざ|せいざ|どうぶつ|らいおん|らいおんのかお	alpha|animal|face|leo|lion|mane|order|rawr|roar|safari|strong|zodiac	ライオンの顔	292
🦂	さそり|さそりざ|せいざ|むし	scorpio|scorpion|scorpius|zodiac	サソリ	291
🦃	しちめんちょう|たーきー|とり|どうぶつ	bird|gobble|thanksgiving|turkey	七面鳥	290
🦄	いっかくじゅう|かお|どうぶつ|ゆにこーん|ゆにこーんのかお	face|unicorn	ユニコーンの顔	289
🦅	いーぐる|とり|どうぶつ|わし	animal|bird|eagle|ornithology	ワシ	288
🦆	かも|とり|どうぶつ	animal|bird|duck|ornithology	カモ	287
🦇	きゅうけつき|こうもり|どうぶつ|ばんぱいあ	animal|bat|vampire	コウモリ	286
🦈	さかな|さめ|どうぶつ	animal|fish|shark	サメ	285
🦉	とり|どうぶつ|ふくろう|みみずく	animal|bird|ornithology|owl|wise	フクロウ	284
🦊	かお|きつね|きつねのかお|どうぶつ	animal|face|fox	キツネの顔	283
🦋	こんちゅう|ちょう|ばたふらい|むし	butterfly|insect|pretty	チョウ	282
🦌	かお|しか|どうぶつ	animal|deer	シカ	281
🦍	かお|ごりら|どうぶつ	animal|gorilla	ゴリラ	280
🦎	とかげ|どうぶつ|はちゅうるい|やもり	animal|lizard|reptile	トカゲ	279
🦏	かお|さい|どうぶつ	animal|rhinoceros	サイ	278
🦐	えび|こえび|しゅりんぷ|しーふーど|どうぶつ	food|shellfish|shrimp|small	エビ	277
🦑	いか|しーふーど|どうぶつ|なんたいどうぶつ	animal|food|mollusk|squid	イカ	276
🦒	きりん|どうぶつ	animal|giraffe|spots	キリン	275
🦓	しま|しまうま|しましま|ぜぶら|どうぶつ	animal|stripe|zebra	シマウマ	274
🦔	とげ|どうぶつ|はりねずみ|やまあらし	animal|hedgehog|spiny	ハリネズミ	273
🦕	きょうりゅう|そうしょくきょうりゅう|でぃぷろどくす|ぶらきおさうるす|ぶろんとさうるす|りゅうきゃくるい	brachiosaurus|brontosaurus|dinosaur|diplodocus|sauropod	草食恐竜	272
🦖	きょうりゅう|てぃらのさうるす	dinosaur|rex|t|t-rex|tyrannosaurus	ティラノサウルス	271
🦗	こおろぎ|こんちゅう|ちょくしもく|ばった|むし	animal|bug|cricket|grasshopper|insect|orthoptera	バッタ	270
🦘	おーすとらりあ|かんがるー|じゃんぷ|じょーい|どうぶつ|ゆうたいるい	animal|joey|jump|kangaroo|marsupial	カンガルー	269
🦙	あるぱか|うーる|ぐあなこ|どうぶつ|びくーな|ようもう|らま	alpaca|animal|guanaco|llama|vicua|wool	ラマ	268
🦚	くじゃく|とり|はで|ぴーこっく	animal|bird|colorful|ornithology|ostentatious|peacock|peahen|pretty|proud	クジャク	267
🦛	かば|どうぶつ	animal|hippo|hippopotamus	カバ	266
🦜	おうむ|かいぞく|しゃべる|とり|どうぶつ	animal|bird|ornithology|parrot|pirate|talk	オウム	265
🦝	あらいぐま|こうきしん|ずるがしこい|せんさくずき|どうぶつ	animal|curious|raccoon|sly	アライグマ	264
🦞	ざりがに|しーふーど|どうぶつ|はさみ|びすく|れっどろぶすたー|ろぶすたー	animal|bisque|claws|lobster|seafood	ザリガニ	263
🦟	ういるす|か|さす|ねつ|びょうき|まらりあ|むし	bite|disease|fever|insect|malaria|mosquito|pest|virus	蚊	262
🦠	あめーば|ういるす|かがく|さいきん|ばくてりあ|びせいぶつ	amoeba|bacteria|microbe|science|virus	微生物	261
🦡	あなぐま|どうぶつ|みつあなぐま|らーてる	animal|badger|honey|pester	アナグマ	260
🦢	とり|どうぶつ|はくちょう|ひな|みにくいあひるのこ	animal|bird|cygnet|duckling|ornithology|swan|ugly	白鳥	259
🦣	きば|きょだい|ぜつめつ|どうぶつ|まんもす	animal|extinction|large|mammoth|tusk|wooly	マンモス	258
🦤	ぜつめつ|とべないとり|とり|どーどー|もーりしゃすとう	animal|bird|dodo|extinction|large|ornithology	ドードー	257
🦥	どうぶつ|なまけもの|のんびり|ものぐさ	lazy|sloth|slow	ナマケモノ	256
🦦	あそびすき|かわうそ|さかなをたべる|どうぶつ|らっこ	animal|fishing|otter|playful	カワウソ	255
🦧	おらんうーたん|さる|どうぶつ|もりのひと	animal|ape|monkey|orangutan	オランウータン	254
🦨	あくしゅう|すかんく|どうぶつ	animal|skunk|stink	スカンク	253
🦩	とり|どうぶつ|ねったい|はで|ぴんくいろ|ふらみんご	animal|bird|flamboyant|flamingo|ornithology|tropical	フラミンゴ	252
🦪	おいすたー|かい|かき|ぎょかい|しんじゅ|しーふーど|だいびんぐ|なまがき	diving|oyster|pearl	牡蠣	251
🦫	だむづくり|どうぶつ|びーばー	animal|beaver|dam|teeth	ビーバー	250
🦬	うし|どうぶつ|ばいそん|ばっふぁろー|むれ|やぎゅう	animal|bison|buffalo|herd|wisent	バイソン	249
🦭	あざらし|あしか|おっとせい|かいじゅう|とど|どうぶつ	animal|lion|ocean|sea|seal	アザラシ	248
🦮	あくせしびりてぃ|いぬ|しかく|しょうがい|ほじょ|ほじょけん|もうどうけん	accessibility|animal|blind|dog|guide|guide_dog	盲導犬	247
🦯	あくせしびりてぃ|しかく|しょうがい|つえ|はくじょう	accessibility|blind|cane|probing|white|white_cane	白杖	246
🦰	あかげ|あかげのひと|あかちゃ	ginger|hair|red|red_hair|redhead	赤毛	245
🦱	あふろ|かーる|くせげ|ぱんちぱーま|まきげ	afro|curly|curly_hair|hair|ringlets	巻き毛	244
🦲	かがくりょうほう|けがない|すきんへっど|はげあたま|ぼうず	bald|chemotherapy|hair|hairless|no|shaven	はげ頭	243
🦳	ぐれー|こうれいしゃ|しらが|ねんぱい|ろうじん	gray|hair|old|white|white_hair	白髪	242
🦴	いぬ|こっかく|ほね	bone|bones|dog|skeleton|wishbone	骨	241
🦵	あし|きっく|ひざ|まげたあし	bent|foot|kick|knee|leg|limb	脚	240
🦶	あし|あしくび|きっく|くるぶし|だんす|ふみつける	ankle|feet|foot|kick|stomp	足	239
🦷	しろいは|は|はいしゃ	dentist|pearly|teeth|tooth|white	歯	238
🦸	きょだいせいりょく|すーぱーひーろー|すーぱーまん|ぜん|ちょうじん|ひろいん|ひーろー	good|hero|superhero|superpower	スーパーヒーロー	237
🦸‍♀️	じょせい|じょせいのすーぱーひーろー|ぜん|ちょうじん|ひろいん|ひーろー		絵文字	236
🦸‍♂️	ぜん|だんせい|だんせいのすーぱーひーろー|ちょうじん|ひーろー		絵文字	235
🦹	あく|あくだま|あくにん|あくやく|ちょうあくだま|はんざいしゃ|はんにん|ひと|わるいひと|ゔぃらん	bad|criminal|evil|superpower|supervillain|villain	悪役	234
🦹‍♀️	あく|じょせい|じょせいのあくやく|ちょうじん|はんにん|ゔぃらん		絵文字	233
🦹‍♂️	あく|だんせい|だんせいのあくやく|ちょうじん|はんにん|ゔぃらん		絵文字	232
🦺	あんぜん|あんぜんべすと|きんきゅう|こうじ|ちょっき|はんしゃ|べすと	emergency|safety|safety_vest|vest	安全ベスト	231
🦻	あくせしびりてぃ|ちょうかく|なんちょう|ほちょうきをつけたみみ|みみ	accessibility|aid|ear|ear_with_hearing_aid|hard|hearing	補聴器を付けた耳	230
🦼	あくせしびりてぃ|いす|くるまいす|でんどうくるまいす	accessibility|motorized|motorized_wheelchair|wheelchair	電動車椅子	229
🦽	あくせしびりてぃ|いす|くるまいす|しゅどうしきくるまいす	accessibility|manual|manual_wheelchair|wheelchair	手動式車椅子	228
🦾	あくせしびりてぃ|うで|ぎしゅ|じんこうそうぐ|て	accessibility|arm|mechanical|mechanical_arm|prosthetic	義手	227
🦿	あくせしびりてぃ|あし|ぎそく|じんこうそうぐ	accessibility|leg|mechanical|mechanical_leg|prosthetic	義足	226
🧀	ちーず	cheese|cheese_wedge|wedge	チーズ	225
🧁	おかし|おやつ|かっぷけーき|けーき|さとう|すいーつ|べーかりー	bakery|cupcake|dessert|sprinkles|sugar|sweet|treat	カップケーキ	224
🧂	しお|しょっぱい|ちょうみりょう|ふりかけようき|やくみ	condiment|flavor|mad|salt|salty|shaker|taste|upset	塩	223
🧃	かみぱっくいんりょう|じゅーす|すとろー|どりんく|のみもの	beverage|beverage_box|box|juice|straw|sweet	紙パック飲料	222
🧄	かおり|がーりっく|におい|にんにく|やくみ|やさい	flavoring|garlic	ニンニク	221
🧅	たまねぎ|ねぎ|やくみ|やさい	flavoring|onion	タマネギ	220
🧆	ころっけ|にくだんご|ひよこまめ|ふぁらふぇる	chickpea|falafel|meatball	ファラフェル	219
🧇	ちょうしょく|ふんわり|やきがし|わっふる	breakfast|indecisive|iron|waffle	ワッフル	218
🧈	にゅうせいひん|ばたー	butter|dairy	バター	217
🧉	おちゃ|どりんく|のみもの|まてちゃ	drink|mate	マテ茶	216
🧊	かくごおり|こおり|つめたい|ひょうざん	cold|cube|ice|iceberg	角氷	215
🧋	おちゃ|たぴおか|たぴおかどりんく|どりんく|のみもの|ばぶるてぃー|みるくてぃー	boba|bubble|bubble_tea|food|milk|pearl|tea	タピオカドリンク	214
🧌	おとぎばなし|とろーる|ふぁんたじー|もんすたー	fairy|fantasy|monster|tale|troll|trolling	トロール	213
🧍	きりつ|たっている|たつひと|ひと	person|person_standing|stand|standing	立つ人	212
🧍‍♀️	きりつ|じょせい|たつおんな		絵文字	211
🧍‍♂️	きりつ|たつおとこ|だんせい		絵文字	210
🧎	すわる|せいざするひと|ひざまずく|ひと	kneel|kneeling|knees|person|person_kneeling	正座する人	209
🧎‍♀️	じょせい|すわる|せいざするじょせい|ひざまずく		絵文字	208
🧎‍♂️	すわる|せいざするだんせい|だんせい|ひざまずく		絵文字	207
🧏	あくせしびりてぃ|きこえない|しょうがい|ちょうかく|ひと|みみのふじゆうなひと	accessibility|deaf|deaf_person|ear|gesture|hear|person	耳の不自由な人	206
🧏‍♀️	あくせしびりてぃ|しょうがい|じょせい|ちょうかく|みみのふじゆうなじょせい		絵文字	205
🧏‍♂️	あくせしびりてぃ|しょうがい|だんせい|ちょうかく|みみのふじゆうなだんせい		絵文字	204
🧐	かお|かためがね|かんがえる|じょうひん|めがね|ものくるをつけたかお	classy|face|face_with_monocle|fancy|monocle|rich|stuffy|wealthy	モノクルを付けた顔	203
🧑	おとな|かお|せいじん|ちゅうせいてき	adult|person	大人	202
🧑‍⚕️	いし|いしゃ|せらぴすと		絵文字	201
🧑‍⚖️	さいばん|さいばんかん		絵文字	200
🧑‍✈️	きちょう|そうじゅうし|ぱいろっと		絵文字	199
🧑‍🌾	がーでなー|のうか|のうぎょう|のうじょうぬし	farmer|gardener|rancher	農家	198
🧑‍🍳	こっく|しぇふ|りょうり	chef|cook	コック	197
🧑‍🍼	あかちゃん|しんせいじ|じゅにゅう|じゅにゅうするひと|ちちおや|ははおや|ひと	baby|feed|feeding|nanny|newborn|nursing|parent|person_feeding_baby	授乳する人	196
🧑‍🎄	くりすます|さんた|さんたくろーす|さんたさん|ひと|ぼうし	celebration|christmas|claus|fairy|fantasy|holiday|merry|mx|mx_claus|santa|tale|xmas	サンタさん	195
🧑‍🎓	かくぼう|がくせい|そつぎょう	graduate|student	学生	194
🧑‍🎤	あーてぃすと|かしゅ|しんがー|すたー|ろっかー	actor|entertainer|rock|rockstar|singer|star	歌手	193
🧑‍🎨	あーてぃすと|えかき|がか|げいじゅつか	artist|palette	芸術家	192
🧑‍🏫	きょうし|きょうじゅ|こうし|せんせい|たんにん	instructor|lecturer|professor|teacher	教師	191
🧑‍🏭	こういん|こうじょう|ものづくり|ようせつこう	assembly|factory|factory_worker|industrial|worker	溶接工	190
🧑‍💻	かいはつしゃ|ぎじゅつしゃ|こんぴゅーた|ぱそこん|ぷろぐらま	coder|computer|developer|inventor|software|technologist	技術者	189
🧑‍💼	かいしゃいん|さらりーまん|びじねすぱーそん	architect|business|manager|office|office_worker|white-collar|worker	会社員	188
🧑‍🔧	こうさく|さぎょういん|すぱな|せいびし|めかにっく	electrician|mechanic|plumber|tradesperson	整備士	187
🧑‍🔬	かがくしゃ|せいぶつがくしゃ|ぶつりがくしゃ	biologist|chemist|engineer|mathematician|physicist|scientist	科学者	186
🧑‍🚀	うちゅうひこうし|ろけっと	astronaut|rocket|space	宇宙飛行士	185
🧑‍🚒	きゅうじょたい|しょうぼうし|れすきゅー	fire|firefighter|firetruck	消防士	184
🧑‍🤝‍🧑	かっぷる|こいびと|つなぐ|て|てをつなぐ|てをつなぐふたり|ともだち|ひと	bae|bestie|bff|couple|dating|flirt|friends|hand|hold|people|people_holding_hands|twins	手をつなぐ2人	183
🧑‍🦯	あくせしびりてぃ|しかく|しょうがい|つえをついたひと|め	accessibility|blind|cane|person|person_with_white_cane|probing|white	杖をついた人	182
🧑‍🦰	あかげ|おとな|かお|せいじん|ちゅうせいてき		絵文字	181
🧑‍🦱	おとな|かお|せいじん|ちゅうせいてき|まきげ		絵文字	180
🧑‍🦲	おとな|かお|せいじん|ちゅうせいてき|はげあたま		絵文字	179
🧑‍🦳	おとな|かお|しらが|せいじん|ちゅうせいてき		絵文字	178
🧑‍🦼	あくせしびりてぃ|くるまいす|しょうがい|でんどうくるまいすのひと	accessibility|motorized|person|person_in_motorized_wheelchair|wheelchair	電動車椅子の人	177
🧑‍🦽	あくせしびりてぃ|くるまいす|しゅどうしきくるまいすのひと|しょうがい	accessibility|manual|person|person_in_manual_wheelchair|wheelchair	手動式車椅子の人	176
🧒	かお|きっず|こども|ちゅうせいてき	bright-eyed|child|grandchild|kid|young|younger	子供	175
🧓	おとしより|おとな|かお|こうれいしゃ|ちゅうせいてき|ろうじん	adult|elderly|grandparent|old|older_person|person|wise	お年寄り	174
🧔	あごひげ|あごひげのだんせい|あごひげのひと|かお|ひげ|ひと	beard|bearded|person|person_beard|whiskers	あごひげの人	173
🧔‍♀️	あごひげ|あごひげのじょせい|おんな|かお|ひげ		絵文字	172
🧔‍♂️	あごひげ|あごひげのだんせい|おとこ|かお|ひげ		絵文字	171
🧕	おんな|じょせい|すかーふ|すかーふのじょせい|ひじゃぶ|べーる	bandana|head|headscarf|hijab|kerchief|mantilla|tichel|woman|woman_with_headscarf	スカーフの女性	170
🧖	くつろぐ|さうな|さうなにはいるひと|じょうき|すぱ|むしぶろ|りらっくす	day|luxurious|pamper|person|person_in_steamy_room|relax|room|sauna|spa|steam|steambath|unwind	サウナに入る人	169
🧖‍♀️	おんな|さうな|さうなにはいるおんな|じょせい		絵文字	168
🧖‍♂️	おとこ|さうな|さうなにはいるおとこ|だんせい		絵文字	167
🧗	とざん|のぼる|やま|やまのぼり|やまをのぼるひと|ろっくくらいまー	climb|climber|climbing|mountain|person|person_climbing|rock|scale|up	山を登る人	166
🧗‍♀️	おんな|じょせい|とざん|やまのぼり|やまをのぼるおんな		絵文字	165
🧗‍♂️	おとこ|だんせい|とざん|やまのぼり|やまをのぼるおとこ		絵文字	164
🧘	くつろぎ|こざ|ぜん|へいあん|めいそう|よが|よがぎょうじゃ|よがのぽーずをするひと|りらっくす|れんげざのぽーず	cross|legged|legs|lotus|meditation|peace|person|person_in_lotus_position|position|relax|serenity|yoga|yogi|zen	ヨガのポーズをする人	163
🧘‍♀️	おんな|じょせい|めいそう|よが|よがのぽーずをするおんな		絵文字	162
🧘‍♂️	おとこ|だんせい|めいそう|よが|よがのぽーずをするおとこ		絵文字	161
🧙	しょうかん|じゅもん|ふぁんたじー|まじゅつし|まじょ|まほう|まほうつかい|ろーるぷれい	fantasy|mage|magic|play|sorcerer|sorceress|sorcery|spell|summon|witch|wizard	魔法使い	160
🧙‍♀️	おんな|おんなのまほうつかい|じょせい|まじょ|まほうつかい		絵文字	159
🧙‍♂️	おとこ|おとこのまほうつかい|だんせい|まほうつかい		絵文字	158
🧚	おとぎばなし|おべろん|しんわ|でんせつ|どうわ|ぱっく|ふぁんたじー|まほう|ようせい	fairy|fairytale|fantasy|myth|person|pixie|tale|wings	妖精	157
🧚‍♀️	おんな|おんなのようせい|じょせい|ようせい		絵文字	156
🧚‍♂️	おとこ|おとこのようせい|だんせい|ようせい		絵文字	155
🧛	きば|きゅうけつき|きょうふ|ち|どらきゅら|は|はろうぃーん|ばんぱいあ|ふじみ	blood|dracula|fangs|halloween|scary|supernatural|teeth|undead|vampire	吸血鬼	154
🧛‍♀️	おんな|おんなのきゅうけつき|きゅうけつき|じょせい|どらきゅら|ばんぱいあ		絵文字	153
🧛‍♂️	おとこ|おとこのきゅうけつき|きゅうけつき|だんせい|どらきゅら|ばんぱいあ		絵文字	152
🧜	うみのせいぶつ|おとぎばなし|かいてい|さいれん|でんせつ|にんぎょ|はんぎょじん|まーめいど	creature|fairytale|folklore|merperson|ocean|sea|siren|trident	人魚	151
🧜‍♀️	おんな|じょせい|にんぎょ|まーめいど		絵文字	150
🧜‍♂️	おとこ|だんせい|にんぎょ|まーまん		絵文字	149
🧝	えるふ|しんぴてき|しんわ|でんせつ|ふぁんたじー|まほう|まりょく|ようせい	elf|elves|enchantment|fantasy|folklore|magic|magical|myth	エルフ	148
🧝‍♀️	えるふ|おんな|おんなのえるふ|じょせい		絵文字	147
🧝‍♂️	えるふ|おとこ|おとこのえるふ|だんせい		絵文字	146
🧞	しんわ|じにー|せいれい|ふぁんたじー|ふかしぎ|まじん|らんぷをこする	djinn|fantasy|genie|jinn|lamp|myth|rub|wishes	精霊	145
🧞‍♀️	おんな|おんなのせいれい|じょせい|せいれい|まじん		絵文字	144
🧞‍♂️	おとこ|おとこのせいれい|せいれい|だんせい|まじん		絵文字	143
🧟	あるくしかばね|あんでっど|きょうふ|ぞんび|だいさいがい|はろうぃーん|ほらー	apocalypse|dead|halloween|horror|scary|undead|walking|zombie	ゾンビ	142
🧟‍♀️	おんな|おんなのぞんび|じょせい|ぞんび|ほらー		絵文字	141
🧟‍♂️	おとこ|おとこのぞんび|ぞんび|だんせい|ほらー		絵文字	140
🧠	あたま|ちしき|のう|のうみそ	brain|intelligent|smart	脳	139
🧡	おれんじ|おれんじのはーと|はーと	143|heart|orange|orange_heart	オレンジのハート	138
🧢	きゃっぷ|ぼうし|やきゅうぼう	baseball|bent|billed|billed_cap|cap|dad|hat	キャップ	137
🧣	あつぎ|えりまき|くびまき|さむい|すかーふ|まふらー	bundle|cold|neck|scarf|up	マフラー	136
🧤	て|てぶくろ	gloves|hand	手袋	135
🧥	あうたー|あつぎ|おーばー|こーと|さむい|じゃけっと|ふく	brr|bundle|coat|cold|jacket|up	コート	134
🧦	くつした|そっくす	socks|stocking	ソックス	133
🧧	あかいふうとう|おかね|おとしだま|こううん|ごしゅうぎ|ほんぱお	envelope|gift|good|hngbo|lai|luck|money|red|red_envelope|see	赤い封筒	132
🧨	かやく|だいなまいと|はなび|ばくちく|ばくはつ|ばくはつぶつ|ばくやく|ひばな	dynamite|explosive|fire|firecracker|fireworks|light|pop|popping|spark	爆竹	131
🧩	かぎ|くみあわせ|じぐそーぱずる|ぱずる|ぴーす	clue|interlocking|jigsaw|piece|puzzle|puzzle_piece	ジグソーパズル	130
🧪	かがく|かがくしゃ|しけんかん|じっけん|らぼ	chemist|chemistry|experiment|lab|science|test|test_tube|tube	試験管	129
🧫	じっけん|せいぶつがく|せいぶつがくしゃ|ばいよう|ばくてりあ|ぺとりさら	bacteria|biologist|biology|culture|dish|lab|petri|petri_dish	ペトリ皿	128
🧬	いでんし|しんか|せいぶつがく|せいぶつがくしゃ|せいめい	biologist|dna|evolution|gene|genetics|life	DNA	127
🧭	おりえんてーりんぐ|こうかい|こうくう|こんぱす|じしゃく|ほういじしん|ほうがく	compass|direction|magnetic|navigation|orienteering	コンパス	126
🧮	あばかす|けいさん|そろばん	abacus|calculation|calculator	そろばん	125
🧯	かじ|しょうか|しょうかき|しょうかきぐ|しょうぼう	extinguish|extinguisher|fire|fire_extinguisher|quench	消火器	124
🧰	あかいはこ|きかいこう|こうぐばこ|せいびし|つーるぼっくす|はこ|めかにっく	box|chest|mechanic|red|tool|toolbox	工具箱	123
🧱	かべ|しっくい|ねんど|ぶろっく|もるたる|れんが	brick|bricks|clay|mortar|wall	れんが	122
🧲	じしゃく|せいふ|ていてつ|ひきつける|まぐねっと|ゆーじがたじしゃく	attraction|horseshoe|magnet|magnetic|negative|positive|shape|u	U字型磁石	121
🧳	きゃりーけーす|すーつけーす|ぱっきんぐ|りょこう|りょこうかばん	bag|luggage|packing|roller|suitcase|travel	スーツケース	120
🧴	けしょうすい|しゃんぷー|ひやけどめ|ろーしょん|ろーしょんぼとる	bottle|lotion|lotion_bottle|moisturizer|shampoo|sunscreen	ローション	119
🧵	いと|いとまき|さいほう|そーいんぐ|ぬいばり|ひも	needle|sewing|spool|string|thread	糸	118
🧶	あみもの|かぎばり|けいと|けいとだま|にっと	ball|crochet|knit|yarn	毛糸	117
🧷	あんぜんぴん|とめぴん	diaper|pin|punk|rock|safety|safety_pin	安全ピン	116
🧸	おもちゃ|がんぐ|くま|てでぃべあ|ぬいぐるみ	bear|plaything|plush|stuffed|teddy|teddy_bear|toy	テディベア	115
🧹	そうじ|はく|ほうき|まじょ	broom|cleaning|sweeping|witch	ほうき	114
🧺	かご|しゅうかく|せんたく|ぴくにっく	basket|farming|laundry|picnic	かご	113
🧻	きっちんぺーぱー|といれっとぺーぱー|ぺーぱーたおる|ろーるぺーぱー	paper|roll|roll_of_paper|toilet|towels	トイレットペーパー	112
🧼	あわ|せいけつ|せっけん|そーぷ|ふろ	bar|bathing|clean|cleaning|lather|soap|soapdish	石けん	111
🧽	かいめん|きゅうしゅう|すぽんじ|そうじ	absorbing|cleaning|porous|soak|sponge	スポンジ	110
🧾	かいけい|せいきゅうしょ|ぼき|りょうしゅうしょ|れしーと	accounting|bookkeeping|evidence|invoice|proof|receipt	レシート	109
🧿	あお|おまもり|じゃし|なざーる|なざーるぼんじゅう|びーず|まよけ	amulet|bead|blue|charm|evil-eye|nazar|nazar_amulet|talisman	ナザール・ボンジュウ	108
🩰	くつ|しゅーず|だんす|とうしゅーず|ばれえ|ばれえしゅーず	ballet|ballet_shoes|dance|shoes	トウシューズ	107
🩱	すいむうぇあ|みずぎ|わんぴーすのみずぎ	bathing|one-piece|one-piece_swimsuit|suit|swimsuit	ワンピースの水着	106
🩲	したぎ|すいむうぇあ|ぱんつ|ぶりーふ|みずぎ	bathing|briefs|one-piece|suit|swimsuit|underwear	ブリーフ	105
🩳	したぎ|しょーつ|すいむうぇあ|ぱんつ|みずぎ	bathing|pants|shorts|suit|swimsuit|underwear	ショーツ	104
🩴	くつ|ごむぞうり|さんだる|とんぐさんだる|びーさん|びーちさんだる	beach|flip|flop|sandal|sandals|shoe|thong|thong_sandal|thongs|zri	ビーチサンダル	103
🩵	あい|うすいあお|うすいあおのはーと|かわいい|しあん|すき|そらいろ|てぃーるぶるー|はーと|みずいろ|らぶ	143|blue|cute|cyan|emotion|heart|ily|light|light_blue_heart|like|love|sky|special|teal	薄い青のハート	102
🩶	あい|ぎんいろ|ぐれー|すき|すれーとぐれー|はいいろ|はいいろのはーと|はーと|らぶ	143|emotion|gray|grey|grey_heart|heart|ily|love|silver|slate|special	灰色のハート	101
🩷	あい|あいしてる|かわいい|きもち|すき|すぺしゃる|はーと|ぴんく|ぴんくのはーと|らぶ	143|adorable|cute|emotion|heart|ily|like|love|pink|pink_heart|special|sweet	ピンクのハート	100
🩸	いしゃ|いりょう|けが|けつえき|けんけつ|しゅっけつ|せいり	bleed|blood|donation|drop|drop_of_blood|injury|medicine|menstruation	血液	99
🩹	きず|くすり|けが|てあて|ばんそうこう	adhesive|adhesive_bandage|bandage	絆創膏	98
🩺	いしゃ|いりょう|しんぞう|ちょうしんき|びょうき	doctor|heart|medicine|stethoscope	聴診器	97
🩻	いしゃ|えっくすせん|こっかく|ほね|れんとげん	bones|doctor|medical|skeleton|skull|x-ray|xray	X線	96
🩼	けが|しょうがい|すてっき|つえ|ほこうほじょ|まつばづえ	aid|cane|crutch|disability|help|hurt|injured|mobility|stick	松葉杖	95
🪀	おもちゃ|かいてん|がんぐ|じょうげ|よーよー	fluctuate|toy|yo-yo	ヨーヨー	94
🪁	おもちゃ|かいと|がんぐ|たこ|たこあげ	fly|kite|soar	たこ	93
🪂	すかいだいびんぐ|はんぐぐらいだー|ぱらぐらいだー|ぱらしゅーと|ぱらせーりんぐ	hang-glide|parachute|parasail|skydive	パラシュート	92
🪃	おもちゃ|おーすとらりあ|かえってくる|がんぐ|はねかえり|ぶき|ぶーめらん	boomerang|rebound|repercussion|weapon	ブーメラン	91
🪄	つえ|てじな|まじっく|まじゅつ|まじゅつし|まほう|まほうのつえ	magic|magic_wand|magician|wand|witch|wizard	魔法の杖	90
🪅	おいわい|たんじょうび|にんぎょう|ぱーてぃー|ぴにゃーた|めきしこ	candy|celebrate|celebration|cinco|de|festive|mayo|party|piata|pinada|pinata	ピニャータ	89
🪆	いれこ|にんぎょう|まとりょーしか|ろしあ	babooshka|baboushka|babushka|doll|dolls|matryoshka|nesting|nesting_dolls|russia	マトリョーシカ	88
🪇	おんがく|がっき|しぇいかー|だがっき|だんす|ぱーてぃー|ふる|まらかす|らとる|りずむ	cha|dance|instrument|maracas|music|party|percussion|rattle|shake|shaker	マラカス	87
🪈	おんがく|おーけすとら|かんがっき|がっき|ばんど|ぴっころ|ふえ|ふるーと|ふるーとそうしゃ|よこぶえ|りこーだー	band|fife|flautist|flute|instrument|marching|music|orchestra|piccolo|pipe|recorder|woodwind	笛	86
🪐	てんたい|どせい|ほし|りんぐ|わくせい|わのあるわくせい	planet|ringed|ringed_planet|saturn|saturnine	環のある惑星	85
🪑	いす|かぐ|こしかけ|しーと|ちぇあ	chair|seat|sit	椅子	84
🪒	かみそり|するどい|は|はもの|ひげそり|れざー|れーざー	razor|sharp|shave	剃刀	83
🪓	おの|き|こうぐ|はちぇっと|まきわり	ax|axe|chop|hatchet|split|wood	斧	82
🪔	あかり|おいる|でぃやらんぷ|らんぷ	diya|diya_lamp|lamp|light|oil	ディヤランプ	81
🪕	おんがく|がっき|げんがっき|ばんじょー	banjo|music|stringed	バンジョー	80
🪖	ぐんたい|ぐんようへるめっと|せんとう|へいし|へるめっと|みりたりー	army|helmet|military|military_helmet|soldier|war|warrior	軍用ヘルメット	79
🪗	あこーでぃおん|おんがく|がっき|じゃばら	accordion|box|concertina|instrument|music|squeeze|squeezebox	アコーディオン	78
🪘	おんがく|がっき|こんが|たいこ|どらむ|びーと|りずむ	beat|conga|drum|instrument|long|long_drum|rhythm	コンガ	77
🪙	おかね|きんか|ぎんか|こいん|こうか|こぜに	coin|dollar|euro|gold|metal|money|rich|silver|treasure	コイン	76
🪚	きる|こうぐ|だいく|のこ|のこぎり|は|もっこう	carpenter|carpentry|carpentry_saw|cut|lumber|saw|tool|trim	のこぎり	75
🪛	こうぐ|すくりゅーどらいばー|どらいばー|ねじまわし|まいなすどらいばー	flathead|handy|screw|screwdriver|tool	ねじ回し	74
🪜	こうしょさぎょう|すてっぱー|のぼる|はしご	climb|ladder|rung|step	はしご	73
🪝	かけがね|かけきん|とめがね|ひっかけ|ふっく	catch|crook|curve|ensnare|hook|point|selling	フック	72
🪞	かがみ|すがたみ|はんしゃ|みだしなみ|みらー|めーく	makeup|mirror|reflection|reflector|speculum	鏡	71
🪟	あける|うぃんどう|かんき|ながめ|ふれーむ|まど	air|frame|fresh|opening|transparent|view|window	窓	70
🪠	きゅういんかっぷ|すっぽん|つうすいかっぷ|といれ|ぷらんじゃー|らばーかっぷ	cup|force|plumber|plunger|poop|suction|toilet	ラバーカップ	69
🪡	いと|さいほう|ししゅう|すてっち|ぬいばり|ぬう|はり	embroidery|needle|sew|sewing|sewing_needle|stitches|sutures|tailoring|thread	縫い針	68
🪢	つな|ねじれ|のっと|ひも|むすびめ|ろーぷ	cord|knot|rope|tangled|tie|twine|twist	結び目	67
🪣	おけ|ばけつ|ぽりばけつ|ようき	bucket|cask|pail|vat	バケツ	66
🪤	おびきよせる|しかけ|ちーず|ねずみとり|ばね|まうすとらっぷ|わな	bait|cheese|lure|mouse|mouse_trap|mousetrap|snare|trap	ねずみ捕り	65
🪥	えいせい|おていれ|せんめんじょ|はぶらし|はみがき|ぶらし|むしば	bathroom|brush|clean|dental|hygiene|teeth|toiletry|toothbrush	歯ブラシ	64
🪦	おはか|せきひ|ついとう|はかば|ぼせき|ぼち|まいそう	cemetery|dead|grave|graveyard|headstone|memorial|rip|tomb|tombstone	墓石	63
🪧	いぎ|かんばん|こうぎ|しゅちょう|でも|ぷらかーど	card|demonstration|notice|picket|placard|plaque|protest|sign	プラカード	62
🪨	いし|いわ|おもたい|かたい|がんせき|きょがん|せきざい	boulder|heavy|rock|solid|stone|tough	岩石	61
🪩	きらきら|だんす|でぃすこ|ぱーてぃー|みらーぼーる	ball|dance|disco|glitter|mirror|mirror_ball|party	ミラーボール	60
🪪	うんてんめんきょしょう|せきゅりてぃ|みぶんしょう|みぶんしょうめいしょ|めんきょしょう	card|credentials|document|id|identification|identification_card|license|security	身分証	59
🪫	じゅうでんぶそく|でんちぎれすんぜん|でんちざんりょうていか|ばってりー|ばってりーざんりょうていか	battery|drained|electronic|energy|low|low_battery|power	バッテリー残量低下	58
🪬	おまもり|ごふ|て|はむさ|ふぁーてぃま|みりあむ|め	amulet|fatima|fortune|guide|hamsa|hand|mary|miriam|palm|protect|protection	ハムサ	57
🪭	あおぐ|うちわ|おうぎ|かぜ|すずむ|せんす|なつ|ぱたぱた	clack|clap|cool|cooling|dance|fan|flirt|flutter|folding|folding_hand_fan|hand|hot|shy	扇子	56
🪮	あふろ|あふろこーむ|かみ|くし|こーむ	afro|comb|groom|hair|hair_pick|pick	アフロコーム	55
🪯	かるさ|かんだ|けん|しくきょう|しゅうきょう|しんこう|しーくきょう|しーくきょうと	deg|fateh|khalsa|khanda|religion|sikh|sikhism|tegh	カンダ	54
🪰	がいちゅう|はえ|びょうげんきん|ふけつ|むし	animal|disease|fly|insect|maggot|pest|rotting	ハエ	53
🪱	きせいちゅう|みみず|むし	animal|annelid|earthworm|parasite|worm	ミミズ	52
🪲	かぶとむし|こんちゅう|つの|むし	animal|beetle|bug|insect	カブトムシ	51
🪳	がいちゅう|ごきぶり|むし	animal|cockroach|insect|pest|roach	ゴキブリ	50
🪴	うえきばち|かんようしょくぶつ|しょくぶつ|なえ|はちうえ|べらんだ|みずやり|みどり	decor|grow|house|nurturing|plant|pot|potted|potted_plant	鉢植え	49
🪵	き|きりかぶ|ざいもく|じゅもく|まるた|もくざい|ろぐ	log|lumber|timber|wood	丸太	48
🪶	うもう|かるい|とぶ|とり|はね	bird|feather|flight|light|plumage	羽	47
🪷	ごくらく|せいじょう|はすのはな|はな|ひんどぅーきょう|ぶっきょう	beauty|buddhism|calm|flower|hinduism|lotus|peace|purity|serenity	ハスの花	46
🪸	うみ|きこうへんどう|さんご|さんごしょう	change|climate|coral|ocean|reef|sea	サンゴ	45
🪹	えいそう|からっぽのす|す|すづくり	branch|empty|empty_nest|home|nest|nesting	空っぽの巣	44
🪺	えいそう|す|すづくり|たまご|とりのす|とりのたまごとす	bird|branch|egg|eggs|nest|nest_with_eggs|nesting	鳥の卵と巣	43
🪻	あおむらさき|しょくぶつ|すみれしょく|はな|ひやしんす|ぶるーぼねっと|むらさきいろ|らいらっく|らべんだー	bloom|bluebonnet|flower|hyacinth|indigo|lavender|lilac|lupine|plant|purple|shrub|snapdragon|spring|violet	ヒヤシンス	42
🪼	うみ|かいようせいぶつ|くらげ|さす|しょくしゅ|すいぞくかん|どく|はり|ぷらんくとん|むせきついどうぶつ	animal|aquarium|burn|invertebrate|jelly|jellyfish|life|marine|ocean|ouch|plankton|sea|sting|stinger|tentacles	クラゲ	41
🪽	あき|しんわ|つばさ|てんごく|てんし|とびたつ|とぶ|とり|はね|ひこう	angelic|ascend|aviation|bird|fly|flying|heavenly|mythology|soar|wing	翼	40
🪿	あひる|がちょう|がーがー|ちょうるい|とり|まぬけ	animal|bird|duck|flock|fowl|gaggle|gander|geese|goose|honk|ornithology|silly	ガチョウ	39
🫀	こどう|しんぞう|しんぱく|ぞうき|みゃく	anatomical|anatomical_heart|beat|cardiology|heart|heartbeat|organ|pulse|real|red	心臓	38
🫁	こきゅう|ぞうき|はい	breath|breathe|exhalation|inhalation|lung|lungs|organ|respiration	肺	37
🫂	あいさつ|ありがとう|おわかれ|こんにちは|さようなら|なぐさめ|はぐ|はぐするひと|ほうよう|ゆうじょう	comfort|embrace|farewell|friendship|goodbye|hello|hug|hugging|love|people|people_hugging|thanks	ハグする人	36
🫃	おとこ|たべすぎ|だんせい|にんしん|にんしんしたひと|にんぷ	belly|bloated|full|man|overeat|pregnant|pregnant_man	妊夫	35
🫄	おなか|たべすぎ|にんしん|にんしんしたひと|にんぷ	belly|bloated|full|overeat|person|pregnant|pregnant_person|stuffed	妊娠した人	34
🫅	おう|おうかんをかぶったひと|おうけ|おうさま|おうぞく|くんしゅ|こくおう|じょうおう	crown|monarch|noble|person|person_with_crown|regal|royal|royalty	王冠をかぶった人	33
🫎	えだつの|えるく|しか|どうぶつ|へらじか|ほにゅうるい|むーす	alces|animal|antlers|elk|mammal|moose	ヘラジカ	32
🫏	うま|けってい|どうぶつ|ほにゅうるい|らば|ろば	animal|ass|burro|donkey|hinny|mammal|mule|stubborn	ロバ	31
🫐	くだもの|たべもの|びるべりー|ぶるーべりー|べりー	berries|berry|bilberry|blue|blueberries|blueberry|food|fruit	ブルーベリー	30
🫑	あおぴーまん|とうがらし|ぱぷりか|ぴーまん|やさい	bell|bell_pepper|capsicum|food|pepper|vegetable	赤ピーマン	29
🫒	おりーぶ|かじつ|じつ|たべもの|み	food|olive	オリーブ	28
🫓	あれぱ|たべもの|なん|ぱん|ぴたぱん|ふらっとぶれっど|らばし	arepa|bread|flatbread|food|gordita|lavash|naan|pita	フラットブレッド	27
🫔	たべもの|たまる|たまれす|ちまき|ぱもーにゃ|めきしかん	food|mexican|pamonha|tamale|wrapped	タマル	26
🫕	すいす|たべもの|ちょこ|ちーず|ちーずふぉんでゅ|とかす|なべ|ふぉんでゅ	cheese|chocolate|fondue|food|melted|pot|ski	フォンデュ	25
🫖	おちゃ|きゅうす|ちゃき|てぃーぽっと|のみもの	brew|drink|food|pot|tea|teapot	ティーポット	24
🫗	えきたい|がらす|こっぷからそそぐ|こぼす|のみもの|みず	accident|drink|empty|glass|liquid|oops|pour|pouring|pouring_liquid|spill|water	コップから注ぐ	23
🫘	あかいんげんまめ|あずき|きどにーびーんず|きんときまめ|たべもの|びーんず|まめ|れっどきどにー	beans|food|kidney|legume|small	豆	22
🫙	あき|あきびん|じゃー|ちょうみりょう|びん|ほぞん|ようき	condiment|container|empty|jar|nothing|sauce|store	瓶	21
🫚	しょうが|じんじゃー|すぱいす|はーぶ|やくそう|やくみ	beer|ginger|ginger_root|health|herb|natural|root|spice	ショウガ	20
🫛	えだまめ|えんどうまめ|ぐりーんぴーす|さや|だいず|まめ|やさい	beans|beanstalk|edamame|legume|pea|pea_pod|pod|soybean|vegetable|veggie	エンドウ豆	19
🫠	あつい|えきたい|かお|とけそう|とけているかお|とける|とろける	disappear|dissolve|embarrassed|face|haha|heat|hot|liquid|lol|melt|melting|melting_face|sarcasm|sarcastic	溶けている顔	18
🫡	おーけー|かお|ぐんたい|けいれい|けいれいするかお|りょうかい	face|good|luck|maam|ok|respect|salute|saluting|saluting_face|sir|troops|yes	敬礼する顔	17
🫢	おそれ|おどろき|おののき|かお|しずかに|びっくり|めをあけてくちにてをあてたかお	amazement|awe|disbelief|embarrass|eyes|face|face_with_open_eyes_and_hand_over_mouth|gasp|hand|mouth|omg|open|over|quiet|scared|shock|surprise	目を開けて口に手を当てた顔	16
🫣	かお|こわごわ|ちらっ|ぬすみみ|のぞきみ|ゆびのまからのぞきみるかお	captivated|embarrass|eye|face|face_with_peeking_eye|hide|hiding|peek|peeking|peep|scared|shy|stare	指の間からのぞき見る顔	15
🫤	かお|くちがななめのかお|こんわく|ふしん|ふまん|むかんしん|むきりょく	confused|confusion|diagonal|disappointed|doubt|doubtful|face|face_with_diagonal_mouth|frustrated|frustration|meh|mouth|skeptical|unsure|whatever|wtv	口が斜めの顔	14
🫥	うちき|かお|てんせんのかお|どうでもいい|ないこうてき|ふーん|ゆううつ|らくたん	depressed|disappear|dotted|dotted_line_face|face|hidden|hide|introvert|invisible|line|meh|whatever|wtv	点線の顔	13
🫦	くち|くちびる|くちびるをかんでいるくち|くやしい|くやしさ|せくしー|ちっ|ゆうわく	anxious|bite|biting|biting_lip|fear|flirt|flirting|kiss|lip|lipstick|nervous|sexy|uncomfortable|worried|worry	唇を咬んでいる口	12
🫧	あぶく|あわ|しゃぼんだま|すいちゅう|せっけん|ばぶる	bubble|bubbles|burp|clean|floating|pearl|soap|underwater	泡	11
🫨	かお|がーん|しょっく|しんどう|じしん|なんてこった|ぱにっく|びっくり|ふるえている|ふるえているかお|まいった	crazy|daze|earthquake|face|omg|panic|shaking|shaking_face|shock|surprise|vibrate|whoa|wow	震えている顔	10
🫰	あい|おかね|おやゆびとひとさしゆびをくろす|て|ゆび|ゆびはーと|ゆびをくろす	3|crossed|expensive|finger|hand|hand_with_index_finger_and_thumb_crossed|heart|index|love|money|snap|thumb	親指と人差し指をクロス	9
🫱	あくしゅ|て|ほうこう|みぎがわ|みぎにむけたて	hand|handshake|hold|reach|right|rightward|rightwards|rightwards_hand|shake	右に向けた手	8
🫲	あくしゅ|て|ひだりがわ|ひだりにむけたて|ほうこう	hand|handshake|hold|left|leftward|leftwards|leftwards_hand|reach|shake	左に向けた手	7
🫳	おとす|した|したにむけたて|て|ひろう	dismiss|down|drop|dropped|hand|palm|palm_down_hand|pick|shoo|up	下に向けた手	6
🫴	うえ|うえにむけたて|うける|おいで|さしだす|ちょうだい|て	beckon|catch|come|hand|hold|know|lift|me|offer|palm|palm_up_hand|tell	上に向けた手	5
🫵	おまえだ|してき|て|ひとをゆびさしているて|ゆび|ゆびさし	at|finger|hand|index|index_pointing_at_the_viewer|pointing|poke|viewer|you	人を指差している手	4
🫶	あい|て|はーと|はーとがたのて|はーとぽーず|らぶ|りょうてはーと	3|hands|heart|heart_hands|love|you	ハート形の手	3
🫷	おす|ことわる|すとっぷ|ちょっとまって|て|とまれ|はいたっち|ひだりむきにおしているて|まった|まて	block|five|halt|hand|high|hold|leftward|leftwards|leftwards_pushing_hand|pause|push|pushing|refuse|slap|stop|wait	左向きに押している手	2
🫸	おす|ことわる|すとっぷ|ちょっとまって|て|とまれ|はいたっち|まった|まて|みぎむきにおしているて	block|five|halt|hand|high|hold|pause|push|pushing|refuse|rightward|rightwards|rightwards_pushing_hand|slap|stop|wait	右向きに押している手	1
